Ниши-и-маркетплейсы	20260629	pYXY75Bh2HI	3323		Новинки Авито Рекламы 2026
Стратегия-и-тренды	20260516	zd2W3KQzKHs	3236		Тренды потребления и как их использовать
Стратегия-и-тренды	20260429	ovR3Xp4wmM4	925		Какие креативы оставить в прошлом, чтобы не сливать бюджет
Аналитика-и-юнит-экономика	20260410	O5TMzNqM7ts	3008		Как связать рекламу, CRM и продажи
Стратегия-и-тренды	20260407	thmCYeyc1Zc	1523		Как брендам найти общий язык с ЦА
Агентский-бизнес	20251224	KG9uVaLeteY	1963		Как digital-агентству выйти на 30 млн+ в 2026 году
Агентский-бизнес	20251224	tkC6wOs4Gy8	2368		Чем заняться digital-агентству, пока все едят оливье?
Агентский-бизнес	20251224	RLvKEmw7W4Y	1635		Декабрь глазами digital-руководителя: как не утонуть в хаосе и сохранить способность думать
Агентский-бизнес	20251224	jzyJXxG4WhE	2181		Стратегия выживания агентства: как пройти праздники с прибылью и планом роста
Стратегия-и-тренды	20251223	ETW3X7AoduY	1831		Клиентский путь и его использование для планирования медиа-активностей
Агентский-бизнес	20251218	4eHOTJer388	1770		Как сократить путь от идеи до результата в 3 раза?
Стратегия-и-тренды	20251217	EFYd2os0w_U	2063		Системный маркетинг вместо быстрых результатов
Стратегия-и-тренды	20251215	r-yOrVGFTsg	2200		Можно ли планировать маркетинг в 2026 году?
Стратегия-и-тренды	20251014	RC3e2Q0xfvg	1732		Вне контекста: SMS как новый канал для продвижения бизнеса
Продажи-и-клиенты	20251010	a7kpxcY6Tto	2421		Клиенты через соцсети агентства и Telegram-канал фаундера
Продажи-и-клиенты	20251006	EM554kBUVEc	1859		Работа с клиентами по контексту и SEO: от брифинга до запуска проекта
Ниши-и-маркетплейсы	20251003	JX0lOa5DaQI	2564		С нуля до миллиона: как зарабатывать на Авито в 2025 году
Telegram-маркетинг	20251003	zm2lYY22jUM	1928		Telegram Ads для агентств: как продвигать свой бренд и искать клиентов
Агентский-бизнес	20251001	YU0qEwqQxyw	2041		Как увеличить средний чек агентства X2 без поиска новых клиентов
Продажи-и-клиенты	20250729	Rc5h7g9I_M0	1687		Как поймать крупную рыбу и не уйти на дно
Продажи-и-клиенты	20250729	izZkBPaBQws	1766		Выиграй тендер с 1-ого раза — полная инструкция по подготовке, подаче и защите
Продажи-и-клиенты	20250729	XxVEsa26eXY	1466		Как соблазнить большую компанию
Продажи-и-клиенты	20250729	Rnto-JIx6xQ	1467		5 бесплатных PR-инструментов для начинающих агентств
Продажи-и-клиенты	20250728	9U9nth66is8	1651		От тусовки к прибыли: как рекламному агентству проводить ивенты, которые приносят крупных лидов
Личный-бренд-и-контент	20250728	FpVmbTRitww	1862		Экспертный контент для digital-агентства: 7 мощных инструментов, кейсы и частые ошибки
Аналитика-и-юнит-экономика	20250728	Gqb8EdVlt5A	1614		LTV - 3 главные буквы для больших денег на фрилансе
Продажи-и-клиенты	20250717	pwymamlDXTg	1743		Как сделать «сарафан» управляемым?
Продажи-и-клиенты	20250708	bj5IEbwr3r8	1787		20 очевидных и неочевидных способов найти клиентов фрилансеру
Личный-бренд-и-контент	20250528	H8AAoAKTZ0A	2060		Как агентствам привлекать клиентов через выступления
Продажи-и-клиенты	20250423	cI1XuS5Jq_k	1804		Почему холодные продажи не работают и как это исправить?
Продажи-и-клиенты	20250414	x3UmBi6j9rE	1749		SEO-продвижение для digital-агентств
Агентский-бизнес	20250410	oLgcpVtviio	2470		Как агентству работать с клиентами, чтобы расти кратно
Личный-бренд-и-контент	20250407	nYgGw_RDNC4	2041		Личный бренд для руководителя агентства
Продажи-и-клиенты	20250403	dr4shc23jSU	2126		Как digital-агентству продавать через личные связи
Агентский-бизнес	20240927	vMydg54nxhQ	1804		Нужны ли digital-агентству регламенты для сотрудников? Как их составить и внедрить?
Агентский-бизнес	20240926	6pGQP-8Ks1E	1858		Как агентству регулярно расти в доходах?
Личный-бренд-и-контент	20240918	crHi9ZZA9Sg	2160		Все способы продвижения личного бренда. С чего начать?
Фриланс-и-продуктивность	20240913	WNH6dfx4Pwg	1283		Как победить синдром самозванца и начать прокачивать личный бренд?
SMM-и-соцсети	20240912	RvCvtGM7VWE	1984		Зачем бизнесу присутствовать в соцсетях?
SMM-и-соцсети	20240910	32kw2oB5S3k	1744		Как увеличить вовлеченность аудитории в социальных сетях?
SMM-и-соцсети	20240906	RXP9_F7RJTI	2471		Частые ошибки бизнеса при продвижении в социальных сетях
Фриланс-и-продуктивность	20240905	FasP03q_6uU	1827		Что делать, если страшно повышать ценник на свои услуги?
Фриланс-и-продуктивность	20240903	S8hRAwONACY	2199		Как победить прокрастинацию?
Продажи-и-клиенты	20240902	HHWGI1KkWFA	1269		Стоит ли работать с клиентами, с которыми некомфортно?
Фриланс-и-продуктивность	20240831	TWyk3aRehMA	1666		Тайм-менеджмент: как научиться управлять своим рабочим временем?
Фриланс-и-продуктивность	20240829	FqYD-RJ1Ix0	2135		Как маркетологу пробить свой потолок дохода?
Лендинги-и-конверсия	20240818	ZMJubooJHTA	2084		Как завоевать доверие посетителя лендинга?
Лендинги-и-конверсия	20240815	7vCDb-y3DxA	1728		Что такое прототип лендинга и каким он должен быть?
Лендинги-и-конверсия	20240813	w-oRENC9aqg	2344		Что влияет на конверсию лендинга и как ее повысить?
Лендинги-и-конверсия	20240811	aFAeCAJ8T-8	1684		Сколько стоит хороший лендинг и как выбрать крутого подрядчика?
Лендинги-и-конверсия	20240810	OXc01ViSHRQ	1837		Как делаются лендинги с высокой конверсией?
Фриланс-и-продуктивность	20240804	Cei8hrv3Y_Y	1676		Сколько зарабатывает трафик-менеджер в нише инфобизнеса?
Личный-бренд-и-контент	20240802	gPW5mfcs8pU	2435		Как выбрать проморайтера или научиться писать крутые промопосты самому?
Фриланс-и-продуктивность	20240723	ct1rqfwj4IM	1876		Кому подходит и кому точно не подойдет работа на фрилансе?
Личный-бренд-и-контент	20240720	YYXo7uUkiEo	1405		Путь эксперта по маркетингу: личный опыт
Фриланс-и-продуктивность	20240716	CX6s6FG-gso	2445		Работа на фрилансе или в агентстве: плюсы и минусы
Фриланс-и-продуктивность	20240715	7iYXIP4uZW4	1707		Что выбрать начинающему специалисту: фриланс или работу в команде?
Фриланс-и-продуктивность	20240712	snJ1ELgJHWM	1862		Как на фрилансе выйти на доход от 300 000 рублей в месяц
Продажи-и-клиенты	20240627	1SFpbBJ5D-Y	2494		Лидогенерация на мероприятия
Стратегия-и-тренды	20240618	-X9Kk2iw4d4	2057		Комплексный маркетинг: кейсы. Ошибка большинства специалистов
Аналитика-и-юнит-экономика	20240609	Yu59CENRKd0	1917	[?]	Аналитика контекстной рекламы: что нужно знать?
Лендинги-и-конверсия	20240607	71M5QK65m_A	2099		Продающие лендинги: реальные кейсы
Лендинги-и-конверсия	20240604	lbTVad-4Kwc	1959		Как сделать лендинг под все услуги компании?
Лендинги-и-конверсия	20240602	ns3cq4jaHxg	2371		Тексты для лендинга: какими они должны быть
Лендинги-и-конверсия	20240531	dso5bT_rZ2I	1039		Пошаговый алгоритм создания лендинга
Лендинги-и-конверсия	20240529	LO1CEY5akW0	1229		На что обращать внимание при аудите лендинга клиента?
Telegram-маркетинг	20240523	8WYvpQ1yQqI	2470		Для каких ниш подходит Telegram, а для каких - нет
Telegram-маркетинг	20240521	R7PT0RfMGw0	2045		Особенности работы в Telegram и его отличия от других площадок
Telegram-маркетинг	20240521	wpV0IITFb8A	1743	[?]	Эффективное продвижение в Telegram: кейсы
Telegram-маркетинг	20240518	lW5V8IwQdU8	1914		Специфичные для Telegram KPI: подписчики, просмотры, переходы
Стратегия-и-тренды	20240510	C_0UQjbQAV0	1343	[?]	С какими нишами не стоит заходить в «контекст»?
Агентский-бизнес	20240503	ZtPitYZo7z4	1654		Маржинальность агентского бизнеса: много ли можно заработать?
Агентский-бизнес	20240502	ueUn-Drl198	2016		Как перейти из фриланса в агентство?
Лендинги-и-конверсия	20240426	KXaQ5woJgBQ	2732	[?]	Современные товарные лендинги: что важно учесть при разработке
Лендинги-и-конверсия	20240424	Ereqn0A5APk	1724		Как заставить пользователей прокрутить лендинг до конца?
Лендинги-и-конверсия	20240422	JtvKLi5K7QY	1391		Преодоление баннерной слепоты как способ увеличить конверсию лендинга
Лендинги-и-конверсия	20240421	qrE9ntHkAOQ	1784		Как делать качественные прототипы для лендингов?
Лендинги-и-конверсия	20240420	vTl1NDAo3uE	2091		Как использовать технологии лендингов в интернет-магазинах
Лендинги-и-конверсия	20240418	OzuVlUCkL8k	1400		Снижение стоимости заявки за счет релевантности оффера и рекламных объявлений
Telegram-маркетинг	20240406	9_b-4fGlc2Y	2133		Telegram-боты: средство развития продукта и увеличения прибыли
Маркировка-и-право	20240403	JGuBLaMWleo	2052	[?]	Все о правилах маркировки в Telegram
Telegram-маркетинг	20240402	GflPuM3Zddk	1380		Закрытый клуб в Telegram с доходом от 100к в месяц
Telegram-маркетинг	20240402	FZXqhrUVHTY	1527		Как заработать на сторис в Telegram
Telegram-маркетинг	20240401	hHR-zZnZMqY	1726		Какие KPI справедливы для Telegram-канала?
Агентский-бизнес	20240325	jhoqYjrisE8	2183		Как открыть агентство: пошаговый алгоритм действий
Агентский-бизнес	20240321	PjrJ0yR-HWA	1518		Постоянный приток сотрудников в агентство за счет системы стажировок
Агентский-бизнес	20240319	B3DAqchkWng	2090		Открытие агентства: сколько придется работать на старте?
Агентский-бизнес	20240318	CJXL2NRsuXg	1854		Из фриланса в агентство: первые шаги и топ-3 ошибки
Агентский-бизнес	20240315	3iwJHfWuhWE	1979		Фриланс VS открытие маркетингового агентства. Плюсы и минусы
Личный-бренд-и-контент	20240307	oJ_mRuuBvhY	2757		Как digital-специалисту продавать свои услуги через личный блог?
Стратегия-и-тренды	20240306	IdyeQCmcTBs	2463		Как увеличить продажи в 2 раза не увеличивая рекламный бюджет
Продажи-и-клиенты	20240228	MRrplIeMLiQ	2240		Как понять на первом созвоне стоит ли работать с клиентом?
Продажи-и-клиенты	20240227	cB9p3-WVpkk	2144		Основные ошибки в продажах. Как их избежать?
Продажи-и-клиенты	20240225	44nW4TGhv34	1894		Примеры автоворонок для продажи услуг
Продажи-и-клиенты	20240221	01bU4XAXJBM	1931		Продажа услуг digital-специалиста
Фриланс-и-продуктивность	20240220	pVNM5Nue8oM	720		Сколько проектов может вести таргетолог?
Стратегия-и-тренды	20240219	dWECxXNGODg	1707	[?]	Что нужно сделать для подготовки к запуску трафика?
Продажи-и-клиенты	20240217	KlXScP6fzUk	2886		Продажа услуг по настройке таргета: что нужно знать
Фриланс-и-продуктивность	20240215	MCctW6fCkgQ	1749		Как таргетологу делать меньше, а успевать больше
Фриланс-и-продуктивность	20240213	Vs1wE1QXfSU	1818	[?]	Какие варианты масштабирования для таргетолога существуют?
Лендинги-и-конверсия	20240211	TjBhS-75NP8	1902		Как выбрать дизайн для лендинга и не пожалеть?
Лендинги-и-конверсия	20240210	-UWBlPpXroU	2544		Сильные и слабые офферы для лендингов
Лендинги-и-конверсия	20240209	ulKgsBBfjc4	2209		Как измерить эффективность лендинга: количественные и качественные метрики
Лендинги-и-конверсия	20240208	nHyTC5f1It0	1445		Что делать, если лендинг не приносит заявок?
Лендинги-и-конверсия	20240131	uqECb6txp7c	1906		Аналитика посадочной страницы перед запуском рекламного трафика
Агентский-бизнес	20240129	agX2SaBknMk	1839		Почему агентства теряют клиентов и как этого избежать?
Агентский-бизнес	20240124	9sbwQzdNY0A	1962		Агентство: с первых шагов до большой команды
Агентский-бизнес	20240123	9a78LSsp690	2392		Пути развития digital-агентств: как привлекать клиентов и на что делать ставку?
Стратегия-и-тренды	20240112	L-HWfBo33xo	1940	[?]	Медиапланирование в контекстной рекламе
