WKhNgjofKew\t9054\tКак привлекать и возвращать клиентов, когда трафик дорожает
DeE6z3UyoV4\t4302\tНовинки Яндекс Директа 2026
9vRws4Vb4T4\t8184\tМаркетинг в Максе: работа с каналами, ботами, посевами
PJK7V-OmOUk\t9236\tКак выделяться, находить клиентов и расти x2 в 2026
z9j9PjV_PMQ\t6892\tИИ-агенты и нейросети в маркетинге 2026
m5OLkZn9DpA\t7251\tКак агентствам и бизнесу получать больше клиентов
pYXY75Bh2HI\t3324\tНовинки Авито Рекламы 2026
VCfJw0HqFj0\t9594\tЯндекс Директ не дает продаж: где ломается воронка?
rZICwWkzGNk\t11869\tМаркетинг клиник 2026
tBmCEejTmHM\t6160\tАналитика рекламы 2026
NkBYdhly-Go\t7233\tМедицина и здоровье в VK Рекламе 2026
dQG8ofOpOAc\t7747\tСвязки, которые увеличивают заявки и продажи в 2026 году
aB8omP1rY8I\t8168\tНовые требования к рекламе и работе с клиентами
-dMt6AhJ8eA\t8499\tКак рекламировать автобизнес в 2026 году
031t4eMvPtk\t4891\tПревращаем рекламные бюджеты коллег в миллионы пассивного дохода 
D5L2zfPmss0\t8916\tПлатный трафик в турбулентности 2026 года
ygPlQ37jtWA\t6567\tПривлекать, удерживать, возвращать клиентов без лишних трат на рекламу
zd2W3KQzKHs\t3237\tТренды потребления и как их использовать
7xCF6blkPT4\t7590\tКак перестать сливать бюджет на рекламу в 2026 году?
ovR3Xp4wmM4\t925\tКакие креативы оставить в прошлом, чтобы не сливать бюджет
Faa-qqo6CPc\t7269\tVK Реклама 2026: стратегии, настройки в новом кабинете, креативы с ИИ
rVUk5kY-Gic\t5662\tКак продвигать спецтехнику на Авито в 2026 году
GtBZs4I1VlY\t5788\tКак привлекать клиентов из карт: бесплатные и платные способы
VJ2sQNIWn4A\t11660\tПлатный трафик в медицине. Битва кейсов
5w7ROfd3oqs\t5494\tКак снизить стоимость лида в VK Рекламе 2026
O5TMzNqM7ts\t3009\tКак связать рекламу, CRM и продажи
Nb4Xelw1AN4\t4690\tСохраняем эффективность и бюджеты, соблюдая законы
xIpFaev427k\t4314\tКакие каналы трафика приносят деньги, а не клики?
thmCYeyc1Zc\t1524\tКак брендам найти общий язык с ЦА
UANYpJBxGjg\t8643\tКак руководителю отдела трафика построить сильную команду?
SFh8IeQc42k\t11181\t5 каналов для окупаемого трафика в автобизнесе
kpjJF4s6ocI\t6945\tКак не терять деньги в длинной воронке от клика до сделки
JlZpMu_HOB8\t6464\tКак рекламному агентству расти без бюджета на свое продвижение
2mFMNQrt98U\t7872\tСложные ниши в перегретом Директе 2026
lmPExkGwMUc\t6594\tОкупаемый трафик 2026: 3 способа, как не терять деньги после клика
KzlRTHbxlUk\t8185\tМаркетинг для B2B-производителей: трафик, стратегия, продажи. Часть 2
ZHl6bM3nr1U\t12907\tМаркетинг для B2B-производителей: трафик, стратегия, продажи
_nZEFIaC-3E\t5767\tTelegram Ads: привлекаем клиентов, снижаем стоимость лида
5xYaeDIidjU\t6055\tКак получить от Авито максимум продаж и заявок в 2026 году
8fiLpwBfvKo\t8366\tVK Реклама 2026: инструменты и стратегии для разных ниш
ElZriPa_Ra0\t5396\tЧто делать с трафиком после клика: ретаргетинг, прогрев и возврат внимания
RTJ-ichIEDQ\t8476\tКак рекламировать онлайн-школы. Битва кейсов
lhCmtQwHpe0\t5264\tКак снизить стоимость лида, не увеличивая бюджет
oKmyco1cTfs\t6414\tВсе о цифровой наружной рекламе: от охвата до продаж
pW9-Rse-eXs\t4063\tБольше клиентов при дорогом трафике и высокой конкуренции
wMYdp4eHrvE\t4756\tКак автоматизировать маркетинг и продажи с помощью CRM и AI
rfQlbDek548\t9984\tТренды маркетинга 2026: ИИ, сегментация, цифровая усталость и дефицит внимания
cKWCavR5nl4\t6628\tОкупаемая реклама в 2026: стратегии для крупного, среднего и малого бизнеса
KG9uVaLeteY\t1964\tКак digital-агентству выйти на 30 млн+ в 2026 году
tkC6wOs4Gy8\t2369\tЧем заняться digital-агентству, пока все едят оливье?
RLvKEmw7W4Y\t1636\tДекабрь глазами digital-руководителя: как не утонуть в хаосе и сохранить способность думать
jzyJXxG4WhE\t2182\tСтратегия выживания агентства: как пройти праздники с прибылью и планом роста
ETW3X7AoduY\t1832\tКлиентский путь и его использование для планирования медиа-активностей
4eHOTJer388\t1770\tКак сократить путь от идеи до результата в 3 раза?
EFYd2os0w_U\t2063\tСистемный маркетинг вместо быстрых результатов
vDgfPruSPIU\t4674\tИнструменты маркетинга для селлеров
O3ZVomhmE48\t5917\tНовый год в digital: пережить хаос, не выгореть, сохранить энергию
r-yOrVGFTsg\t2200\tМожно ли планировать маркетинг в 2026 году?
eJYIveKCPnc\t5898\tЭффективная реклама для IT-бизнеса 2026
4VzgBPUTnWg\t8277\t3 канала для роста заявок в Яндексе
IJRJccZEr34\t8643\tКак digital-агентству выйти на 30 млн+ в 2026 году
eYaufg6sdiU\t8753\tЭффективная VK Реклама 2026
CuPFIG81V-Q\t5556\tTG Ads по-крупному: 15 кейсов с бюджетом €300k
aBiRIqmqXcw\t7313\tГеомаркетинг в 2025-26 как стабильный источник лидов
xZ6t-IfaSP8\t6540\tКак рекламировать туристический бизнес
VxGVgP-i9dk\t5529\tМедийная реклама на Авито: от запуска кампаний до роста конверсий
TYUjllOeEJo\t10155\tКак планировать маркетинг на 2026 год в условиях тотальной неопределенности
dNyUJjrE-ww\t5653\tКак снизить стоимость лида в 2026: 3 проверенных инструмента
RC3e2Q0xfvg\t1733\tВне контекста: SMS как новый канал для продвижения бизнеса
a7kpxcY6Tto\t2422\tКлиенты через соцсети агентства и Telegram-канал фаундера
S6PHF7KNRO4\t3725\tОбучение от А до Я: запуск эффективной медийной кампании за 1 день
EM554kBUVEc\t1859\tРабота с клиентами по контексту и SEO: от брифинга до запуска проекта
JX0lOa5DaQI\t2565\tС нуля до миллиона: как зарабатывать на Авито в 2025 году
zm2lYY22jUM\t1929\tTelegram Ads для агентств: как продвигать свой бренд и искать клиентов
DhMzEoAUdeE\t6209\tКак рекламировать финансы, БФЛ, страхование, крипту. Битва кейсов
YU0qEwqQxyw\t2041\tКак увеличить средний чек агентства X2 без поиска новых клиентов
64OarXGR7lI\t12524\tМаркетинг в сложных и дорогих нишах: B2B, IT, стройка, авто и другие
zv0S5kqj5bM\t8553\tМаркетинг в кризис: что делать, когда бюджеты режут, а продажи падают
VttzS9PTt0g\t5482\tОмниканальный маркетинг: как достучаться до клиента и не потратить весь бюджет
r9mg1VUBZuI\t8965\tОкупаемый трафик в строительном бизнесе. Битва кейсов
5W_2AvSVI7c\t5718\tИИ и автоматизация в маркетинге: что работает, а что вредит продажам
TpQobHSKh9c\t7195\tМаркетинг к сезону: как сделать месячную выручку за 1 день
htvR0uJclpA\t8418\tАвтоматизация маркетинга: готовые идеи, инструменты и кейсы
jsBUj75fHaA\t5352\tКак внедрить ИИ в рекламу, сайты и продажи — 3 первых шага
rZbOhsrbPCM\t7236\tОкупаемый трафик в медицинском бизнесе. Битва кейсов
3wjdKWWhwKA\t7164\tКак повысить конверсию сайта: UX, контент, оптимизация
-_wkJemdI6k\t5364\tГде брать лиды автосервису и автосалону в 2025: окупаемые каналы и кейсы
Rc5h7g9I_M0\t1687\tКак поймать крупную рыбу и не уйти на дно
izZkBPaBQws\t1766\tВыиграй тендер с 1-ого раза — полная инструкция по подготовке, подаче и защите
XxVEsa26eXY\t1466\tКак соблазнить большую компанию
Rnto-JIx6xQ\t1467\t5 бесплатных PR-инструментов для начинающих агентств
9U9nth66is8\t1652\tОт тусовки к прибыли: как рекламному агентству проводить ивенты, которые приносят крупных лидов
FpVmbTRitww\t1862\tЭкспертный контент для digital-агентства: 7 мощных инструментов, кейсы и частые ошибки
Gqb8EdVlt5A\t1614\tLTV - 3 главные буквы для больших денег на фрилансе
I7H9ANNBXHk\t7150\tМаркетинг сложных продуктов: как продать то, что не покупают с первого клика
_Vi5uQ0ykPg\t4132\tМедийная реклама на Ozon для бизнеса любого масштаба
pwymamlDXTg\t1744\tКак сделать «сарафан» управляемым?
a-Os2oR17Qg\t8141\tМаркетинг и трафик с умом: как тратить меньше, а получать больше
kkY4iUDVDIU\t8807\tВсе о трафике в Telegram 2025: что работает и как масштабироваться
ZTIqztHb0NQ\t7186\tТри инструмента для роста продаж на маркетплейсах
n3DFlyOiTxc\t10146\tВсе о настройках Яндекс Рекламы в 2025 году
bj5IEbwr3r8\t1788\t20 очевидных и неочевидных способов найти клиентов фрилансеру
7f_qKhk-GPs\t10242\tОкупаемый трафик для автобизнеса. Битва кейсов
R-37vWm-e0M\t9339\tАльтернативные рекламные каналы: где искать дешевый трафик в 2025 году
_Grc0ImmAME\t5457\tМасштабирование рекламного агентства
H8AAoAKTZ0A\t2060\tКак агентствам привлекать клиентов через выступления
RM3xnA1FtMg\t8671\tКак рекламному агентству быстро расти в 2025 году
09cDpMWt2pY\t8448\tКак привлекать новых клиентов через Яндекс ПромоСтраницы: превращаем показы в продажи
cI1XuS5Jq_k\t1804\tПочему холодные продажи не работают и как это исправить?
iFBTApox0jE\t7904\tЭффективная геоперфоманс-реклама
x3UmBi6j9rE\t1749\tSEO-продвижение для digital-агентств
oLgcpVtviio\t2471\tКак агентству работать с клиентами, чтобы расти кратно
nYgGw_RDNC4\t2041\tЛичный бренд для руководителя агентства
dr4shc23jSU\t2126\tКак digital-агентству продавать через личные связи
EhF_DIMGi8g\t1761\tЯндекс Директ на квизы. Заявки по 450 рублей
MLZnIIpMeuU\t1938\tПосевы как основной и дополнительный источник трафика
n3zLehLVJKM\t1247\tВозможности рекламы ВК: точная настройка для узкой аудитории
igbxQYLnSHI\t2394\tКак стабильно получать результат с помощью таргета в Telegram?
YZz4ZouzdYk\t2121\tКак и зачем анализировать конкурентов в Яндекс Директ
QRjE1b7LTsA\t2250\tКонтекстная реклама в строительной нише: особенности работы и лайфхаки
rvaeSLIo-5M\t1691\tКонтекстная реклама для B2B: кейсы
vMydg54nxhQ\t1804\tНужны ли digital-агентству регламенты для сотрудников? Как их составить и внедрить?
6pGQP-8Ks1E\t1858\tКак агентству регулярно расти в доходах?
crHi9ZZA9Sg\t2160\tВсе способы продвижения личного бренда. С чего начать?
WNH6dfx4Pwg\t1283\tКак победить синдром самозванца и начать прокачивать личный бренд?
RvCvtGM7VWE\t1984\tЗачем бизнесу присутствовать в соцсетях?
32kw2oB5S3k\t1744\tКак увеличить вовлеченность аудитории в социальных сетях?
RXP9_F7RJTI\t2472\tЧастые ошибки бизнеса при продвижении в социальных сетях
FasP03q_6uU\t1828\tЧто делать, если страшно повышать ценник на свои услуги?
S8hRAwONACY\t2200\tКак победить прокрастинацию?
HHWGI1KkWFA\t1269\tСтоит ли работать с клиентами, с которыми некомфортно?
TWyk3aRehMA\t1666\tТайм-менеджмент: как научиться управлять своим рабочим временем?
FqYD-RJ1Ix0\t2135\tКак маркетологу пробить свой потолок дохода?
6f_Z-W9RfyA\t1065\tКак делать результат в РСЯ в 2024 году?
cf7I3AUUYv4\t1625\tЧто изменилось в Яндекс Директ с начала 2024 года?
ma0dovnmqo0\t2118\tГлавные сложности в работе директолога. Как их преодолеть?
3TnVrod9DAI\t1428\t10 лайфхаков по работе с Яндекс Директ
Ky2O5D_iciQ\t2140\tЭффективность рекламы в Яндекс Директ на небольших бюджетах. Что нужно знать?
ZMJubooJHTA\t2084\tКак завоевать доверие посетителя лендинга?
7vCDb-y3DxA\t1728\tЧто такое прототип лендинга и каким он должен быть?
w-oRENC9aqg\t2345\tЧто влияет на конверсию лендинга и как ее повысить?
aFAeCAJ8T-8\t1684\tСколько стоит хороший лендинг и как выбрать крутого подрядчика?
OXc01ViSHRQ\t1838\tКак делаются лендинги с высокой конверсией?
Cei8hrv3Y_Y\t1677\tСколько зарабатывает трафик-менеджер в нише инфобизнеса?
4fcXsf85xN8\t3003\tПосевы для инфобизнеса: каких результатов можно достичь?
gPW5mfcs8pU\t2436\tКак выбрать проморайтера или научиться писать крутые промопосты самому?
NOm0XsXO_Ic\t2213\tКак получить дешевые регистрации в нише инфобизнеса ВКонтакте?
ct1rqfwj4IM\t1876\tКому подходит и кому точно не подойдет работа на фрилансе?
YYXo7uUkiEo\t1406\tПуть эксперта по маркетингу: личный опыт
CX6s6FG-gso\t2446\tРабота на фрилансе или в агентстве: плюсы и минусы
7iYXIP4uZW4\t1707\tЧто выбрать начинающему специалисту: фриланс или работу в команде?
snJ1ELgJHWM\t1863\tКак на фрилансе выйти на доход от 300 000 рублей в месяц
kj_nGB_jotI\t1278\tАлгоритм масштабирования в таргетированной рекламе
sePoPnrRph0\t2135\tСтратегии и способы масштабирования рекламных кампаний
qumr0SclUNc\t1633\tРабота с холодной аудиторией: секреты и фишки
xqdmeBrjnT4\t2257\tКак откручивать от миллиона рублей на проект в таргете?
1SFpbBJ5D-Y\t2494\tЛидогенерация на мероприятия
wsI-ZQDvKs4\t1428\tКак получать заявки на кухни на заказ из Яндекс Директ?
D1bB38Auzt4\t1811\tКак сделать результативный трафик: два кейса - один результат
-X9Kk2iw4d4\t2058\tКомплексный маркетинг: кейсы. Ошибка большинства специалистов
IJMI6SjFgIY\t1143\tПродающие тексты для Яндекс Директ: как их создавать
oMecBb1xQts\t1889\tТрафик на инфобизнес из Яндекс Директ в 2024 году
Yu59CENRKd0\t1918\tАналитика контекстной рекламы: что нужно знать?
71M5QK65m_A\t2100\tПродающие лендинги: реальные кейсы
lbTVad-4Kwc\t1959\tКак сделать лендинг под все услуги компании?
ns3cq4jaHxg\t2371\tТексты для лендинга: какими они должны быть
dso5bT_rZ2I\t1039\tПошаговый алгоритм создания лендинга
LO1CEY5akW0\t1229\tНа что обращать внимание при аудите лендинга клиента?
g4lC-xkYpU4\t2290\tТаргет и посевы в Telegram: плюсы и минусы каждого подхода
8WYvpQ1yQqI\t2470\tДля каких ниш подходит Telegram, а для каких - нет
R7PT0RfMGw0\t2046\tОсобенности работы в Telegram и его отличия от других площадок
wpV0IITFb8A\t1744\tЭффективное продвижение в Telegram: кейсы
lW5V8IwQdU8\t1914\tСпецифичные для Telegram KPI: подписчики, просмотры, переходы
2OblHx_i0Mg\t1747\tКонтекстная реклама для строительного бизнеса
-BIv1gOBVUM\t1868\tКонтекстная реклама с бюджетами от 1 миллиона рублей в месяц
UeRcvlp_pyk\t1888\tНастройка контекстной рекламы для малого бизнеса в 2024 году
C_0UQjbQAV0\t1343\tС какими нишами не стоит заходить в «контекст»?
q7NOPP39xB0\t1977\tКак делать посевы на миллионы и не теряться в данных?
glqzdrF5NV0\t2159\tПосевы: улучшение конверсии подписки в бота в 5 раз
WxAgdbVQAFI\t2033\tЭффективный посев для инфобизнеса: тонкости и лайфхаки
ZtPitYZo7z4\t1655\tМаржинальность агентского бизнеса: много ли можно заработать?
ueUn-Drl198\t2016\tКак перейти из фриланса в агентство?
KXaQ5woJgBQ\t2733\tСовременные товарные лендинги: что важно учесть при разработке
Ereqn0A5APk\t1724\tКак заставить пользователей прокрутить лендинг до конца?
JtvKLi5K7QY\t1391\tПреодоление баннерной слепоты как способ увеличить конверсию лендинга
qrE9ntHkAOQ\t1785\tКак делать качественные прототипы для лендингов?
vTl1NDAo3uE\t2092\tКак использовать технологии лендингов в интернет-магазинах
OzuVlUCkL8k\t1400\tСнижение стоимости заявки за счет релевантности оффера и рекламных объявлений
qeNmS95ziS0\t1847\tМасштабирование рекламных кампаний в Яндекс Директ
t0lrSUvJHiU\t1894\tКонтекстная реклама для малого бизнеса: советы и лайфхаки
pwFjyAOYwNg\t973\tЭффективное продвижение брендов с помощью контекстной рекламы
bSJyMavS4aM\t2287\tРСЯ от А до Я: как работать с рекламными сетями
WfDSw8nQ0Ug\t2354\tСегменты аудиторий в Яндекс Директ: советы по использованию инструмента
3V10AjEnQ94\t2010\tКак снизить стоимость лида при помощи маркет-платформы ВКонтакте
V38vXIGlluc\t2632\tТаргет ВК: кейсы из инфобизнеса
bP2mLtFDMLI\t1413\tЭффективная реклама во ВКонтакте на примере 2 кейсов
9_b-4fGlc2Y\t2134\tTelegram-боты: средство развития продукта и увеличения прибыли
JGuBLaMWleo\t2053\tВсе о правилах маркировки в Telegram
GflPuM3Zddk\t1380\tЗакрытый клуб в Telegram с доходом от 100к в месяц
FZXqhrUVHTY\t1528\tКак заработать на сторис в Telegram
hHR-zZnZMqY\t1727\tКакие KPI справедливы для Telegram-канала?
pzIx5x4p9Mw\t2056\tРеклама в Telegram Ads: основные инструменты, инсайты
YNN_qs00GSA\t1008\tАлгоритм запуска рекламы в Telegram-каналах
jhoqYjrisE8\t2184\tКак открыть агентство: пошаговый алгоритм действий
PjrJ0yR-HWA\t1518\tПостоянный приток сотрудников в агентство за счет системы стажировок
B3DAqchkWng\t2091\tОткрытие агентства: сколько придется работать на старте?
CJXL2NRsuXg\t1854\tИз фриланса в агентство: первые шаги и топ-3 ошибки
3iwJHfWuhWE\t1979\tФриланс VS открытие маркетингового агентства. Плюсы и минусы
oJ_mRuuBvhY\t2758\tКак digital-специалисту продавать свои услуги через личный блог?
IdyeQCmcTBs\t2464\tКак увеличить продажи в 2 раза не увеличивая рекламный бюджет
MRrplIeMLiQ\t2241\tКак понять на первом созвоне стоит ли работать с клиентом?
cB9p3-WVpkk\t2145\tОсновные ошибки в продажах. Как их избежать?
44nW4TGhv34\t1894\tПримеры автоворонок для продажи услуг
01bU4XAXJBM\t1931\tПродажа услуг digital-специалиста
pVNM5Nue8oM\t721\tСколько проектов может вести таргетолог?
dWECxXNGODg\t1707\tЧто нужно сделать для подготовки к запуску трафика?
KlXScP6fzUk\t2887\tПродажа услуг по настройке таргета: что нужно знать
MCctW6fCkgQ\t1749\tКак таргетологу делать меньше, а успевать больше
Vs1wE1QXfSU\t1819\tКакие варианты масштабирования для таргетолога существуют?
TjBhS-75NP8\t1902\tКак выбрать дизайн для лендинга и не пожалеть?
-UWBlPpXroU\t2544\tСильные и слабые офферы для лендингов
ulKgsBBfjc4\t2209\tКак измерить эффективность лендинга: количественные и качественные метрики
nHyTC5f1It0\t1445\tЧто делать, если лендинг не приносит заявок?
2RFgNGX2rvo\t2595\tКак анализировать и оптимизировать рекламные кампании в РСЯ?
cngY5yoh7F4\t2348\tСоветы по созданию эффективных рекламных объявлений в Яндекс Директ
rPiAMqmqSjg\t2172\tТоп-10 ошибок из-за которых можно слить бюджет в Яндекс Директ
uqECb6txp7c\t1907\tАналитика посадочной страницы перед запуском рекламного трафика
agX2SaBknMk\t1840\tПочему агентства теряют клиентов и как этого избежать?
9sbwQzdNY0A\t1962\tАгентство: с первых шагов до большой команды
9a78LSsp690\t2392\tПути развития digital-агентств: как привлекать клиентов и на что делать ставку?
aP6ouFKgcac\t1865\tКак настроить эффективную рекламу в товарной галерее?
L-HWfBo33xo\t1941\tМедиапланирование в контекстной рекламе
AgmnNH3t3VY\t1817\tОбзор нововведений Яндекс Директ в 2023 году
_qXDuXcZX2E\t981\tЕдиная перфоманс кампания: что это такое и как настроить?
_U7ZePr1EME\t2453\tВоронка продаж для интернет-магазина из инструментов контекстной рекламы
EQzv6oviocI\t3960\tТаргетированная реклама для инфобизнеса
n42vDiM7tEc\t2836\tНастройка таргетированной рекламы в товарной нише
oK-LdYcIZhg\t2967\tОсобенности таргетированной рекламы в бьюти-нише
PDcywZdRS3Q\t1695\tТрафик в новогодние праздники: стоит ли отключать рекламу?
UlD5sbMECo4\t1595\tОфферы и креативы для новогодней рекламы
dZsNiQy3GBg\t1390\tЧто происходит с аукционом в таргете ВК в новогодние праздники
EwWN6FVUbQM\t1309\tОсобенности ведения контекстной рекламы в новогодние праздники
C7QuimqAJUg\t1401\tОсновные принципы создания конверсионного лендинга
QvZOrQbky5E\t2742\tКак сделать текст на лендинге убедительным?
rzT0HNejtzM\t2075\tКонверсионный лендинг для B2B
FeG-Fg2glEQ\t2044\tКак не нужно делать лендинги? Разбор ошибок
VCIAzK8Sh7Q\t970\tПосевы во ВКонтакте: кейсы
skiW5kw4hOk\t1843\tОсобенности работы с посевами в Telegram
sAbK_R83X5w\t2290\tОсобенности посевов в ВК: маркет-платформа и прямые размещения
yLFkfuHPbmw\t1708\tРабота с товарами и услугами в контекстной рекламе: какие есть различия
V-m_2VCesdU\t2105\tКонтекстная реклама в сфере недвижимости: кейсы
xbef6eE-YkU\t1496\tКак специалисту по контекстной рекламе определиться с какими нишами работать?
XnF3qyB3oKw\t2729\tСемантическое ядро для SEO и контекста: для проектов больше 500 страниц
_Us_wccIj8g\t2111\tКонтекстная реклама для малого бизнеса: советы и рекомендации
1VisDMGYG6w\t2523\tКак владельцу агентства грамотно планировать задачи и расставлять приоритеты?
UYHafliMqMk\t1754\tКак проводить собеседования?
b9A_TNANTJ8\t2019\tСпособы привлечения клиентов для маркетингового агентства
14CbffzWcgc\t1879\tКак оценить эффективность маркетинга по финансовым показателям
3i6QDmDsrhQ\t1508\tПрактические советы по улучшению юзабилити лендингов
03xG9Dgo1JM\t1907\tПовышение конверсии и интуитивно-понятного интерфейса лендинга
kjLBW3u3sls\t2959\tСекреты конверсионных текстов для лендинга
emWNN6XGgu8\t1075\tИспользование нейросетей при разработке лендинга
kBCfqzpKTaE\t2872\tКак находить эффективные связки в таргетированной рекламе?
MfVT21Ax_tM\t1499\tОшибки в работе с бюджетом и оптимизацией
eRFlhtSsMvo\t1652\tНецелевой трафик: проблемы и решения
u5zIlKlDy4o\t3015\tПривлечение и удержание клиентов
W3_ip4IPEcA\t1738\tОрганизация работы специалиста: лайфхаки за 6 лет работы таргетологом
9LTUFsPJGU8\t2789\tЧто такое синдром самозванца и как с ним бороться?
eFgaqtGAVq8\t1824\tЧто делать при профессиональном выгорании?
toyg1Gp_MG0\t1290\tКак перестать работать за низкую оплату?
vkqYvZ2fLC4\t1145\tТоп- 5 способов поиска заказчика для директолога
C23BjoGoRnk\t2685\tПродвижение Telegram-канала через Яндекс Директ: фишки и лайфхаки
HSNMPxCebbQ\t2043\tМасштабирование рекламных кампаний в Яндекс Директ: советы и рекомендации
DXVp54_DtNo\t1454\tПочему регламенты в агентстве не помогут на старте?
BaxBroWqA-c\t2016\tТекучка кадров в маркетинговом агентстве: как рассчитать и предотвратить?
35kKIintQOc\t1908\tСложные клиенты. Стоит ли с ними работать?
67lNvaUNCt8\t888\tКак маркетинговые агентства переживают кризис?
GFqti4kNGs4\t1546\tКак создать успешное маркетинговое агентство?
m-zzuZ_HD6w\t2441\tОшибки из-за которых маркетинговые агентства мало зарабатывают. Как их избежать?
qfZn-ba22bU\t2429\tКак анализировать рекламу? На какие показатели обращать внимание?
apGpzUzPlns\t965\tМедиапланирование в таргетированной рекламе. Советы и рекомендации
0zBDjmztorA\t2171\tТаргет в ВК. Нужна ли тестовая рекламная кампания?
JV6PKeeANHs\t2520\tЗапуск Мастера Кампаний с оплатой за клики
tR4ZKgz_uk0\t1336\tКак эффективно использовать ретаргетинг в Яндекс Директ?
bs7ZHaWkJvU\t1792\tКак таргетологу расти в доходах?
lfIl6J_CT00\t1526\tКак повысить CTR объявлений в Яндекс Директ?
ExSNe0UYlpE\t1459\tАнализ рекламы в Яндекс Директ
jOauW4eTxTQ\t2948\tРаботать 4 часа в день и хорошо зарабатывать. Правда или миф?
rttHcL2tH_8\t2093\tКакие бывают трудности в коммуникации с заказчиками? Как их решать?
92N0wgtBsBM\t1667\tКакой потолок дохода у топовых специалистов по таргету?
Uufyonoyrbw\t1395\tФинансовый учет в агентстве
0F2gJ7yKdi0\t2046\tСколько руководителю агентства придется работать на старте?
lipDcyXMH4E\t1732\tКак разработать УТП, чтобы конкуренты агентства оказались не у дел?
fn_ld2-6j8g\t1505\tВ чем преимущество посевов над таргетом?
RBVa0xhvSBg\t1189\tПосевы в товарной нише. Кейсы
vLBwUTnWy6A\t1376\tПочему бизнесу важно иметь сайт уже сегодня
RtnFWJGHZr0\t2107\tРекомендации, повышающие конверсию сайта
OWJo5t7AYqA\t1544\tКак создавать сайты с высокой конверсией на мобильных устройствах?
7aE_pyqqIrc\t2173\tОсобенности работы таргетолога в нише инфобизнеса
AzLnzuUP-kw\t2058\tОсобенности работы таргетолога с производителями в различных нишах
RhnXvDqXJBA\t3268\tМаркировка рекламы в vitamin.tools
GE_3_Ni86NQ\t1447\tКак работать с нишей недвижимости?
QjB2SM8Dxhw\t2144\tТрафик для остеопатов, кинезиологов и мануальных терапевтов
KXDrrLKjTPQ\t1713\tПривлечение клиентов для салонов красоты из таргета ВК
9OSj26ksyyM\t1673\tПродвижение общепита в ВК
rdGLBGttm0o\t2138\tВсе о фидах в Яндекс Директ
MBR60CdUKno\t1723\tУспешный запуск любого проекта на основе конкурентного анализа
l7im_Bmtgso\t1161\tКак получать больше заявок и продаж из Яндекс Директ?
WdToQ4oZ8rY\t1472\tАгентский бизнес как пассивный доход. Правда или миф?
dyuDyH-JTc0\t1917\tПуть развития маркетолога. Какие есть варианты?
HTf2Os_HPM8\t2483\tПочему руководители годами не могут выйти из операционки?
ZjkDu_baOdw\t2405\tКакие проблемы и трудности ждут начинающего руководителя агентства?
C_brwImnxw0\t1937\tСоздание маркетингового агентства с нуля. С чего начать?
KKnY_iS27Ok\t1791\tПричины выгорания маркетолога
H6GbQtGs43w\t1827\tПланирование и декомпозиция целей
rqySt02Fizc\t1956\tКак продавать услуги с чеком от 50 000 рублей?
049r7OFWAQc\t2311\tКак повысить конверсию сайтов услуг?
5cRy4Y1C2Rw\t1255\tЧто влияет на конверсию сайта на самом деле?
EzVdL94nN78\t1977\tКонверсия интернет-магазина. Как ее улучшить?
YaMyjabYriY\t1873\tКак сделать сайт, с которого не убежит клиент?
waOTUAztPWc\t2714\tСемантическое ядро, которое приносит лидов
zRLyxpZN8H4\t1100\tНюансы настройки Яндекс Директ на маркетплейсы
ZgF9PC63xBo\t1358\tАвтотаргетинг в Яндекс Директ. Как с ним работать?
UW1DW-kh97w\t3140\tЧто мешает таргетологам делать 100к на фрилансе и в команде?
GYx7OC1s-LQ\t579\tКак понять, что пора повышать стоимость своих услуг?
hSAOYcPGJoM\t1235\tЧто мешает таргетологу зарабатывать хорошо?
XHDKuNjDhn0\t1577\tДелегирование. Когда пора нанимать помощников?
KrK-YQwqycc\t983\tРеклама в B2B. Кейсы
QeFu26wa4Yg\t1725\tОсобенности настройки рекламных кампаний в B2B
gqn3fPBt8qI\t1526\tПочему с контекстной рекламой для B2B не все так просто?
GV3bVecjcIQ\t1519\tКак нейросети помогают делать конверсионные лендинги?
7Cn0WKXcdho\t1145\tНезакрытый гештальт как средство повышения конверсии лендинга
T7CLszszgG4\t1014\tКритические ошибки в юзабилити лендинга. Как их улучшить?
VL5AnmLRVEI\t2461\tКак создать сильный текст для лендинга?
LTXThAbHdqo\t1376\tПреимущества и недостатки VK рекламы
XMVDFqmgmho\t880\tТоп ошибок при запуске рекламы в новом рекламном кабинете ВК
MZ7oKqoiSvM\t1834\tПереезд в новый рекламный кабинет ВК. Что важно знать и учитывать?
0nOEjMm4yxc\t2265\tОбзор нового рекламного кабинета ВКонтакте
MxLfpg2ydWQ\t1347\tВ каких нишах можно быстро вырасти до высокого дохода
lP-kI3hN1Jo\t774\tКакие трудности могут возникнуть при нишевании и как с ними работать?
-TstTcB5vVc\t2401\tКак искать клиентов внутри одной ниши?
K7XffZwQry0\t1860\tКак выбрать нишу и не ошибиться?
YD1v4fG9OGk\t1883\tПлюсы и минусы нишевания?
Il705sguIr8\t1315\tЗачем специалисту нишеваться?
rri-TfSz_2g\t2238\tПродажи в чатах и мессенджерах: основы и отличие от телефонных продаж
zVvfI2vlecw\t1668\tСистема продаж без возражений
fIcap_zmnG0\t2114\tКлючевые ошибки, которые снижают конверсии в продажи. Как их избежать?
GuEas3cjVRQ\t1734\tПродажи в социальных сетях. Какие есть особенности?
QUBfUBLWDik\t1663\tВыявление потребностей ЦА. Как это делать правильно?
HsYO0Z5UhMg\t1517\tКак защитить бюджет от скликивания? Советы и рекомендации
k8pE54-oPiA\t1543\tОкупаемый трафик для инфобизнеса из Яндекс Директ
4htEtJbxG00\t888\tПакетные стратегии в Яндекс Директе. Инструкции по использованию
qVcTJIebTGY\t1268\tЦентр конверсий в Яндекс Директе. Как с ним правильно работать?
2xdGdhdJiwA\t1623\tКак работать со статусом «мало показов»?
9sNvc5H_fh8\t2810\tКак должен выглядеть продающий лендинг?
fiR-aZAs4Fg\t2132\tКак повысить конверсию лендинга? Фишки и лайфхаки
9FXuddr90v8\t2378\tЧастые ошибки, из-за которых лендинг не приносит прибыль
-gszFrytW0s\t2115\tРазработка лендинга под трафик. Особенности
UkNnhZiNFlw\t3270\tКакие дополнительные услуги может оказывать таргетолог?
W8AmQUk7_jc\t3066\tНужны ли таргетологу кейсы или можно обойтись без них?
mrKrbbj6AIM\t2007\tКакие гарантии может дать таргетолог?
3BiHAjG2zC4\t2975\tТексты и креативы для таргета. Советы от специалиста
3ls3kRRChnA\t1753\tКлючевые компетенции таргетолога и как их наработать?
lx1jeUhJnkE\t1335\tCколько проектов может вести таргетолог?
YHEyV3rajEg\t1029\tНужен ли таргетологу бриф и можно ли обойтись без него?
1yIN1sZaDMk\t1544\tКак таргетологу продавать свои услуги дорого?
9tPGGOFTmbE\t1710\tКак составить коммерческое предложение на таргетированную рекламу?
0wbfJyPUiNY\t1857\tПосевы ВКонтакте: в каких нишах дают лучший результат
TpVf9FiVzSg\t2083\tКак таргетологу общаться с заказчиками
kuqsjL1XHIw\t1436\tНовый рекламный кабинет ВКонтакте. Плюсы и минусы
jalZsiuUrW8\t1610\tЗачем настраивать таргет на своих подписчиков?
-wcaQcU27i4\t1703\tАналитика результатов рекламных кампаний во ВКонтакте
T06m-H28Icc\t3047\tКак нарастить и оцифровать продажи в мессенджерах
pC7Mpsmm8ME\t2261\tКак бизнесу зарабатывать с помощью WhatsApp-маркетинга
lKn6cMfZzEY\t2492\tТрафик в мессенджерах. Как заводить клиентов в базу рассылки
2KrugEEV9Ks\t1482\tЕсть ли потолок в росте у специалиста по контекстной рекламе?
4mwEiC5lQdk\t2152\tГде заканчивается зона ответственности PPC-специалиста?
z2Y0BEwaD4w\t1491\tОсобенности работы с услугами в контекстной рекламе
0gnemZJVSaU\t2239\tКак специалистам по контекстной рекламе больше зарабатывать
mIYw3EdkIV8\t2973\tКак запускать рекламу ВКонтакте, чтобы сразу работало
X0bjsQS9YBo\t4122\tТоп-5 стратегий, которые запустят любой проект ВКонтакте
1khX7NQearg\t1237\tКак агентствам и фрилансерам зарабатывать в 2 раза больше
QEs8F2ZulwE\t1115\tКак построить отношения с клиентом чтобы LTV устремился в космос?
-2jAr7XNYek\t1507\tРегламенты и инструкции в агентском бизнесе
_MhBIXom3bk\t1966\tCтруктура агентства. Кто за что отвечает?
SRBpAgacxc8\t2268\tКак руководителю агентства выйти из операционки?
AzS24Bc9gAg\t1734\tСтоит ли открывать маркетинговое агентство?
CXUM1_UUo2I\t2453\tКак сделать анализ кампаний удобным
0FQCgJCvjUU\t2704\tТочки роста в контекстной рекламе через показатели KPI
J4PwDUmJnQM\t1675\tОсновные ошибки в рекламных кампаниях
O6TNsVbsdKY\t1287\tРетаргетинг в Яндекс Директ: советы и рекомендации
nXIIjc5rNgA\t2099\tКак повысить эффективность контекстной рекламы. Советы и рекомендации
MFy0P0OIRkI\t1745\tМасштабирование рекламных кампаний
MOjSdwtKHsE\t1972\tСтроим воронки продаж инструментами Яндекс Директ
LkOw_k0CBrQ\t2022\tСтратегии управления ставками в Яндекс Директ
QpTOnBJE4J8\t2219\tС чего начинать: Мастер Кампаний или РСЯ?
SFAUabX3Yw0\t1866\tНишевание на одной связке в Яндекс Директ
AepU0X-NxDY\t860\tКак рекламировать Тelegram-канал с помощью Яндекс Директ
qKmW4Vfb5qw\t2083\tАналитика рекламы в Яндекс Директ. Советы и рекомендации
jJC-2HONCwI\t1657\tКонкуренция в агентском бизнесе
oPxwhX67URI\t2640\tКак агентству продавать дорого?
Glw98O-rSQs\t1755\tСколько денег нужно, чтобы открыть оффлайн и онлайн агентство?
HACaTrY7D2g\t1714\tОт фриланса к созданию агентства. Какие трудности могут возникнуть?
dMCzdW8AqfE\t3247\tКак с помощью заголовков и офферов пробить баннерную слепоту
AayE0XO6pck\t1476\tПродающие креативы для РСЯ. Инструкции по созданию
-LYwtymBvNM\t1762\tЯндекс Директ. Обзор последних новинок и изменений
APd9cQKbpyk\t1466\tКак продвигать онлайн-магазины в контекстной рекламе
NzHYdzsGN4E\t2043\tРазработка стратегии продвижения бизнеса во ВКонтакте
_t70JSUoAgo\t2160\tОшибки в работе таргетолога. Как их избежать?
9LUC7H1WJio\t2016\tКак искать точки роста в таргетированной рекламе
t4jST4l_0m4\t1634\tАналитика рекламных кампаний во ВКонтакте
0PHtMPKJQgI\t2200\tКак повысить чек за свои услуги
iZviwAlEb6M\t1377\tРабота за кейс или по бартеру
6cvxVzFl0QM\t1951\tКак искать первых клиентов?
7sFZyYy8ufY\t2174\tБыть фрилансером, работать в агентстве или стать помощником?
NrvvIepEQr8\t1457\tКак начать работать с контекстной рекламой? Как искать клиентов?
ic4ZBsOdvsU\t1475\tРучные или авто- стратегии? Что использовать на новогодние праздники?
k2SgteeRZiM\t1541\tГотовимся к Новому Году. Реклама в Яндекс Директ
WZVou781GnM\t1944\tОсобенности ведения рекламных кампаний перед новогодними праздниками
9omf0ND0YTo\t2976\tКак эффективно запустить рекламу при перегретом аукционе в праздники
tiGEXx1DHaA\t1622\tСтоит ли отключать рекламу во время новогодних выходных?
ZNMkvNWNwVk\t1795\tНовогодний маркетинг во ВКонтакте
YH-LFrdr-fs\t1259\tКак эффективно запускать рекламу ВКонтакте в новогодние праздники
ZcSD4digXUw\t2176\tГотовимся к Новому Году: акции и распродажи
ZJ0Lt_SzQbA\t2294\tОсновные ошибки в расчете бизнес-экономики. Как их избежать?
FtX544cb1BE\t1169\tТрудности при построении маркетингового агентства
raPKXXk9V5c\t2254\tКак агентству занять свою долю рынка?
-LEigBqzffE\t1892\tСложности мотивирования сотрудников
2zdHxrj93_4\t1410\tПреимущества маркет-платформы ВКонтакте
-MfMH5JBQoU\t1199\tАлгоритмы тестирования на маркет-платформе
sXAuWsVubeE\t2310\tТаргет+посевы в одном проекте
1M0-SEj2F_U\t2908\tКак откручивать большие бюджеты в таргете и оставаться в рамках KPI
uqxbG0GJSF0\t2089\tРабота с маркет-платформой на объемах. Кейсы
uPYpZbE7yvg\t2712\tКак сделать так, чтобы сотрудник не ушел и не забрал клиентов
arq0SDFCxrA\t1767\tСтоит ли работать с крупными клиентами. Где и как их искать?
IfYm_6jFe0A\t1638\tЗачем нанимать специалистов на аутсорсе и как с ними работать?
MTf1V9N1Nr4\t1895\tСоветы по формированию базы знаний для сотрудников компании
xdANMAJjWVA\t2470\tКак запустить воронку найма сотрудников за 1 час
scUp3kmRv_U\t3167\tМетодология работы со сплит-тестами
mv8UlzibFLI\t1651\tКак вести больше проектов? Лайфхаки по организации работы таргетолога
FT_hApDc31Y\t1479\tСпособы масштабирования аудитории
79z8WSvGEFQ\t1942\tТрафик ВКонтакте для продуктов с высоким чеком: кейсы
g-t6tFdpDhI\t1268\tКак работать с холодным трафиком во ВКонтакте на объемах?
1dLyw-Ci5_c\t2322\tВсем ли нужна сквозная аналитика?
U3ouUibQVOI\t1510\tАнтикейсы в контекстной рекламе: как делать не надо и почему
oQdYojeGBkI\t1949\tОшибки при продвижении В2B через контекстную рекламу
nj1doEp6E8c\t1639\tЧто делать, если реклама не конвертит: как исправить ситуацию?
nI4MvLvzYz0\t1527\tРаспространенные ошибки в работе специалиста по контекстной рекламе
XlVAgfSWEs4\t2826\tОсновные сложности при построении агентского бизнеса
Ns8OKp5n15g\t3281\tВыживание агентств в кризисное время. Как оптимизировать маржинальность
CbT2-uravRE\t2906\tНишевание: как создать маркетинговое агентство на одной теме
_Tl8m24tfkE\t2081\tСтратегическое планирование в digital-агентстве
WLZZgfTLo4U\t3476\tКак запустить таргет ВКонтакте и не слить бюджет
TIyW8fq4-qY\t2145\tКак работать с рекламными ставками, какие цели и форматы рекламы работают хорошо
NtPMqoFZiE8\t2213\tРабота с маркет-платформой ВКонтакте
ZCa_P2jPBLc\t2023\tПродвижение личных страниц во ВКонтакте для бизнеса
B49TW3Gvuno\t2042\tМетоды тестирования креативов ВКонтакте
te1FGQupfEY\t2637\tСемантическое ядро для крупных проектов или SEO для Директа
LgNlvGVmCyg\t1748\tКонверсионное объявление в контекстной рекламе: советы и инструкции
6ojGblZfShk\t1903\tПоднимаем конверсию сайта: сервисы и инструменты
If75qFUSBgA\t2743\tКейсы: как работать с большими бюджетами до 500 000 рублей в день
y5F1FJcizgw\t2515\tКейс Автостратегии - снижение цены лида
Iip99yIC_xw\t1103\tАнтикризисный SMM: как и где продвигаться в новых реалиях | Yagla, Kokoc Group
PN2t4MjmdhU\t1073\tКак вести себя брендам, когда рушатся ценности потребителя | Yagla
DnrR0N7oVEs\t2005\tКак таргетироваться в ВК с большими бюджетами | Yagla
k3U2LOOzt0s\t1564\tКак строить коммуникации в стрессовой ситуации | Yagla, Callibri
hikAdHNQ6oM\t649\tКак писать посты в рекламу, которые заходят и приносят дешевые регистрации | Yagla
mrY6Q0Gu4A0\t1108\tКак продвинуть мобильное приложение с помощью myTarget: кейс Юнистрим | Yagla, Soroka Marketing
Gz45D1RnLlo\t1564\tРобкая роботизация. Как голосовые роботы уже заменяют целые отделы | Yagla, Flow Agency
4iALF8zIqrM\t1142\tTelegram для привлечения клиентов: как бизнесу получить максимум | Yagla, Rookee
ip5r-2dt-eQ\t1179\tОткуда брать идеи для промо-постов, если кажется, что ты уже всё перепробовал | Yagla, Hometraffic
c_fBvLjKLao\t1601\tКак нанимать таргетолога в команду или в штат (уровни ответственности, воронка найма, стажировка)
rUZPeMnk4JI\t1351\tКак привлекать лиды из таргета и контекста на неочевидных гипотезах | Yagla, ВЕЛАС
z697UXFSK9I\t1786\tКак прототипировать и продвигать молодые сайты в 2022 году | Yagla, Artem Oparin
tymbKNQ4ybU\t1612\tКак продвигать Телеграм-канал | Yagla, BendeR
kUchZ4CbgPM\t1343\tКак масштабировать онлайн-проекты через рассылки в сети Одноклассники | Yagla, Втаргете
85hWEUiAWIU\t1573\tЧетыре стратегии привлечения клиентов с помощью ведения группы | Yagla, Варежка
VpLDjJmPW_Q\t2532\tСоздание креативов для рекламных объявлений с использованием триггерной системы и анкетных данных
9DZWjz59Qnk\t1063\tКак использовать телефонную базу для эффективной лидогенерации | Yagla, Zvonobot
9XC4PSnHzlQ\t1449\tАвтоматизируй или умри: где маркетолог теряет бюджет, лиды и время  | Yagla, Webjack.ru
mt_KFTEpXxg\t1987\tКак автоматизировать рутину в отделе продаж: 10 правил настройки CRM | Yagla, Mailigen.ru
LlJ8YPLbgfE\t1521\tВидеомаркетинг: частые вопросы и советы по запуску | Yagla, Iluminous Video Production
GHtfTXq9vEI\t1432\tБизнес геймификация Вконтакте. Монетизация своих товаров и услуг через личные страницы | Yagla
hjLlorbzBZA\t1960\tУправление репутацией в интернете: как защитить и что делать в кризисных ситуациях | Yagla, Интериум
Lkx31_cGHiE\t1881\tКак вырастить прибыль с помощью контекстной рекламы и развить бренд в онлайне | Yagla, Finepromo
KDBczvcOPDA\t2022\tDigital-маркетинг в недвижимости: «Хорошо делай — хорошо будет» | Yagla, Atlant.Digital
O6DNQF7t-X8\t1612\tКейс продвижения клиники пластической хирургии с ROI больше 12% | Yagla, APIS
DGHUH-tTYVo\t1497\tКоллтрекинг и сквозная аналитика для бизнеса: что делать и как считать | Yagla, OptimPro
aSnVUQq_QGY\t2643\tКурс выживания руководителя: 5 управленческих аксиом и как их применять на практике | Yagla
BBonISDsjZ4\t1809\tКак работают воронки продаж, причём здесь путь клиента и зачем нужна сквозная аналитика | Yagla
Xfo5dZLlWMg\t1403\t3 инструмента для воронки продаж ИЛИ как поднять конверсию за один вечер без перезаписи вебинара
jMHwwGXYHqc\t1785\t11 стратегий масштабирования бизнеса в x2 и более раз | Yagla
N0bwyUHn-FE\t1956\tРеселлинг рекламных кабинетов: как выбрать партнёра | Yagla
Wq4-E2pWqNA\t1388\tКак разогнать локомотив продаж в производственной компании | Yagla, Hiclick
IgjJw1zocfY\t1893\tПродать, не продавая. Как выстроить контент стратегию для бизнеса | Yagla, Like Marketing
8UWKHYBeb0M\t1866\tЛидерство или с каким агентством хотят работать клиенты | Yagla, Website96.ru
1ELCyKvURnk\t1310\tАвтоматизация воронки продаж: позвольте вашим менеджерам наслаждаться продажами | Yagla, Mailigen.ru
Imh6hNdUeZ0\t1700\tКак создать эффективную систему маркетинга и продаж | Yagla, Dialweb.ru
Sf03rbEgqZQ\t1649\tCRM маркетинг в 2022 году: как работать в период локдауна | Yagla, Advertsolutions.ru
yFPh9yldodY\t965\tПочему важно выстраивать коммьюнити вокруг бренда и как это сделать | Yagla
fwR3Hmzxblo\t1543\tИз продукта в сильный диджитал-бренд. Кто принимает решение о покупке в диджитал | Yagla
6IvjsGRVFp0\t2310\tКак эффективно использовать автостратегии в контекстной рекламе | Yagla, eLama
hblmFpS-Axk\t1492\tКак продвигаться в нетрендовых соцсетях | Yagla, Контора
ZEko1tnB4q4\t1377\tКак создать эффективный контент-план для YouTube-канала | Yagla, 4Limes
848rZJC0gTI\t1721\tУроки Антипова: советы и лайфхаки начинающим копирайтерам | Yagla, Креатив Антипова
viSwgMi6jDQ\t1860\tМифы и легенды: как компания может продвигаться с помощью статей и сколько это стоит | Yagla, PRNEWS
NWC88_wDTLQ\t1771\tКак устроен рынок копирайтинга и сколько платят клиенты | Yagla, Редактор для бизнеса
HeG7V1FT-qY\t1521\tКак сотрудничать с копирайтером и не поседеть. 5 вредных советов | Yagla
5pKM_fbNVSI\t1668\tКак иллюстрировать текст и как не надо его иллюстрировать | Yagla, Сделаем
sru379eV12c\t1981\tКак работать с экспертами при написании статьи | Yagla, Палиндром
j0m9XTI6mYM\t1753\tОсновные ошибки при продажах онлайн | Yagla, RD Production
_Hk85kLby0A\t1698\tОпросы и тесты для лидогенерации. Как и зачем их делать на чат-ботах | Yagla
p2JdeoYzIPk\t1438\tКак привлечь 40 000+ лидов в месяц для сети медицинских центров | Yagla, ARDA
jQduOFJQaGg\t1552\tОсновы партнерского маркетинга: кому он нужен и важен | Yagla, Kokoc Group
GSPCsslawc8\t1623\tПуть от маленького городского паблика до сообщества с охватом в 500 000 человек в месяц | Yagla
YQAmky9xaT4\t1708\tКак правильно рассчитывать рекламный бюджет в 2022 году | Yagla, Malov Marketing
6jh_yLaCzUQ\t1106\tSEO для информационных запросов. Лидогенерация через инфозапросы | Yagla, KINETICA
OlJxTpBDxWk\t1060\tКак не «сливать» бюджеты. Performance-маркетинг как система | Yagla
YApoEaQeTVs\t2218\tСистемный influence-маркетинг: от стратегий к инструментам и автоматизации | Yagla
UdBaCyCS7cw\t1518\tДиджитал-инструменты и механики для account-based marketing (ABM) | Yagla
C_uZDuSyW54\t1492\tПолезные лайфхаки при настройке рекламы Вконтакте | Yagla
Jv5Yihwil6E\t2126\tЭффективный лендинг и реклама для продажи инфопродуктов микрочеком на холодную аудиторию | Yagla
AfoXYz0va2M\t1994\tТочные действия для кратного роста прибыли в эпоху нестабильности | Yagla, КИТ-Медиа Холдинг
FUp_kx1ktRQ\t1933\tЛидогенерация про запас — ценность и важность контента в контексте лидогенерации | Yagla, SMMZAVOD
qIc-xdKFIaY\t1502\tМасштабирование рекламы в онлайн-школах: MVP-решения для увеличения ROMI | Yagla
MEMX3eY13nI\t1406\tКонвертирующие элементы: что это и как они помогают повысить конверсию сайта | Yagla, Bquadro
Ej_EYzBBiuA\t1545\tВ каких случаях необходим Landing Page при реализации performance strategy | Yagla, Ingate
-dPSQURzL58\t1107\tКак привлекать лиды через квиз-лендинги: кейс по рынку недвижимости | Yagla, Lion Target
4AeWq_c40oc\t1509\tСекреты запуска крутой воронки продаж | Yagla, Advantshop
iMtpraHlyTI\t2129\tПошаговый план от Product Market Fit до масштабирования | Yagla, Carrot quest
yLrQy71-GNs\t1529\tКак работать с информационным трафиком в студенческой тематике  | Yagla, Автор24
VUpjZP432n0\t4565\tSEO в highload SPA проектах: когда документов, ключей и трафика миллионы | Yagla, RUTUBE
kG59gUTU_1A\t2899\tКак составить семантику под статью для блога и проанализировать статьи конкурентов | Yagla
pOwGyztSnxI\t3150\tПродвижение медицинских сайтов: как подготовить сайт клиники по E-A-T | Yagla, SEOQUICK
v08EgwXHESo\t2239\tКонтент-маркетинг для получения внешних ссылок | Yagla, MAVR
gJRbFTBe5Ao\t2012\tТрафик, заявки и продажи из маркетингового семантического ядра | Yagla, Семантист.ру
qr-o_zpXkyc\t2108\tКак удешевить подписчика и повысить конверсию в подписку с помощью Сенлера и Автопилота | Yagla
Xg63by91moU\t1186\tТаргетированная реклама вТикТок: возможности, кейсы для вашего бизнеса | Yagla, TAMADA-DIGITAL
xfoUFPzKmpg\t1512\tПочему важно провести и проанализировать тестовую рекламную кампанию | Yagla
ixirhzcsh7I\t2117\tОткуда брать идеи для контента снова и снова | Yagla, Target Hunter
dMbdoLok6fM\t3213\tУспешные креативы. Как сделать рекламу эффективнее | Yagla, Plan B Digital
L_NgCxyCJ2U\t2016\tКак подготовить эффективный продающий текст для лендинга | Yagla, Школа копимаркетинга
vfXWz9awvaA\t1667\tВиды посадочных для лидогенерации и анализ результатов  | Yagla, Контора
_LnjFpav3C4\t1949\tАвтоматизация маркетинга. Тестирование новых гипотез самостоятельно, без разработчиков |Yagla,Albato
Ixvo8mizn8c\t1881\tКак построить схему сквозной аналитики и почему важно сделать это до внедрения. Обзор инструментов
5eD7UxcDZiw\t1058\tОсновные причины расхождений в отчетах маркетолога и как их избежать | Yagla, OWOX BI
hlVVzB7YQTI\t1893\tПочему попытка создать свою аналитику на месяцы откладывает принятие важных управленческих решений
MzSwtkaP_Do\t1811\tКак повысить эффективность вложений в рекламу с помощью сквозной аналитики. Кейсы | Yagla, Alytics
WNWNpFEJFCo\t1192\tПочему CDP — это новая сквозная аналитика | Yagla, Prime Gate
yY9uDPsrYwM\t3330\tЧто нужно проверить и настроить в Яндекс.Метрике и Google Analytics перед запуском рекламы | Yagla
kd4myrUml9c\t1996\tКак самостоятельно построить аналитику при помощи Яндекс.Метрики без программирования | Yagla
XMZ8OPoYnKc\t805\tСквозная аналитика: почему важно отслеживать все касания клиента с вашим бизнесом | Yagla, Completo
lJp3qj-YWgM\t2082\tСквозная аналитика, как IT-инфраструктура для бизнеса. Отличие сквозной от веб-аналитики | Yagla
d3ZgkWldIjU\t1642\tЧто делать, когда реклама перестает приводить новые лиды | Yagla, Mindbox
nsb_uN76kO8\t1347\tКак эффективно обрабатывать лиды | Yagla, Flowlu
E8c8Yi00CsE\t2160\tТренды и особенности рекламы во Вконтакте в 2021 году | Yagla, Anikin-ADS
UWo-Z78kpx0\t1768\tКак делать видео для TikTok: креативы и контент | Yagla, Project Infinity
tPeL5AubY1A\t1527\tИспользование контекстного таргетинга ВК на примере работы с автодилерскими центрами | Yagla
PoiIGnLwUG8\t1433\tРекламный бюджет. Сколько денег необходимо на тестовую рекламную кампанию | Yagla
tJukqhfw0Vc\t739\tКак совместить SMM и E-mail-маркетинг для эффективных рекламных кампаний | Yagla, Unisender
sMlpN_U8Pic\t1451\tКак привлекать клиентов через локальный SMM-маркетинг без использования акций: кейс ДодоПицца |Yagla
aOZ5qtMIJeE\t1383\tРеклама на YouTube: 8 способов, которые помогут экономить 50% рекламного бюджета в Google Ads |Yagla
hsUVTNcKROc\t1705\tЭффективное привлечение лидов из TikTok: миф или реальность | Yagla, Click.ru
Cw2Vl_Bj0iI\t1758\tКак прорабатывать сложные коммерческие запросы | Yagla, Ant-team.ru
jy4RmrJkgEw\t2763\tЛинкбилдинг в 2021: обзор актуальных стратегий для белого бизнеса  | Yagla, SEOQUICK
7EQD7JVp8N4\t1932\tКак увеличить видимость карточки Google My Business до 7 раз | Yagla, SEO-студия146%
G9LuSI18oTg\t2293\tКак настроить сквозную аналитику "на коленке": причины запуска, ошибки, магия EXCEL | Yagla, Diagrun
2kF0WoPjOcU\t1555\tКак быстро подготовить отчёт для анализа рекламного трафика в Google Data Studio | Yagla
dz1jXb5Sg3w\t1468\tКак работать с API Google Analytics 4 на языке R, воркшоп для новичков | Yagla, Netpeak
koVv02o-S4o\t1611\tКак речевая аналитика может улучшить ваш маркетинг | Yagla, Mango Office
HV5CIiF4PWI\t1570\tКак проводить коммерческий анализ запросов при продвижении интернет-магазина | Yagla, Webline
zzXqej1gTpw\t2286\tКак увеличить трафик и продажи с помощью семантического ядра | Yagla, Semantist
1Uu-KHgiiH0\t1564\tКак продвигать бизнес с помощью отзывов и рейтингов | Yagla, Seoremica
whf1b7Rg3F0\t802\tПочему стоит начать генерировать лиды через Google Display Network | Yagla, Google Partner
MhEy4HttAs0\t1648\tКак быстро и эффективно настроить ремаркетинг в Google Ads | Yagla
8AK13ZzDeq0\t852\t5 неочевидных фишек рекламы в Google Ads | Yagla, Shopping Expert
diNY0l4PlcY\t1715\tКак выбрать стратегию в поисковом продвижении | Yagla, Ашманов и партнеры
WJAW1dQWu40\t1559\tКак создать правильную структуру сайта для целевого трафика | Yagla, WPNEW
DmzfYbAEugM\t1812\tСтратегии внешнего продвижения в англоязычном Google | Yagla, Shakin.ru
l5stOxtDB_4\t1877\tЛидген для SEO-специалиста | Yagla, DryLeads
RcxxWiq2N4k\t1750\tКак подружить SEOшника и копирайтера: поиск баланса между SEO и здравым смыслом | Yagla, Атвинта
Ko8qVBEKgv4\t1862\tУчет и контроль: как построить автоматизированную мультиканальную воронку продаж | Yagla, FUSION
-gNfGnea9b0\t47\tО чем канал Yagla
Fj8XDNMZi0Y\t1393\tКак быстро создать сайт и подготовить его к запуску рекламы | Yagla, Nethouse
9Df4GdVu0Sc\t2427\tКак увеличить конверсию в 3 раза без увеличения рекламного бюджета с помощью квиза | Yagla, Marquiz
bMsyFYFgMt8\t2043\tКак построить системный бизнес на лидогенерации | Yagla, Panshin group
V9GZNBaUY-s\t1739\tКак генерировать лиды с помощью системы CPA: кейсы | Yagla, СPA Exchange
4WLUFKS-QOA\t2368\tАнализ конкурентов для минимизации расходов на рекламу и шаблоны запуска рекламы | Yagla
xEFvplDlstU\t2324\tКак построить онлайн-продажи в мессенджерах | Yagla, amoCRM
yx1W5w28CK8\t2194\tЧто отпугивает покупателей интернет-магазина и как это исправить | Yagla, Altopromo
DWcMUmbZ9Ds\t1053\tСтарт рекламы в Яндекс.Директ для интернет-магазинов | Yagla, Яндекс
ibf6Vs60CZ0\t1812\tЧто такое PBN: кому они нужны и НЕ нужны | Yagla, PBN.LINK
qDaWZZ-WSD0\t1301\tКак оценивать работу подрядчика по SEO | Yagla, SEO.RU
w7kdXLlvUh8\t1958\tКакие работы  по SEO принесут результат в 2021 году | Yagla, SEO intellect
duOnC3ItkKw\t1379\tОптимизация рекламного бюджета: как получать больше продаж, а не лидов | Yagla, Roistat
De8yXWEkJyM\t1088\tКак сэкономить на разработке с помощью SEO-специалиста, | Yagla, MST
-ugj5VytObk\t1455\tКак найти точки роста в SEO на основании прогнозирования спроса и трендов с помощью BI  | Yagla
TMfTSKxdu3Q\t1495\tКак продвинуть монобрендовый магазин часов с помощью SEO | Yagla, Webit
Tv3Xy6jjDYc\t1605\tКак SEO трансформируется в поисковый маркетинг | Yagla, 1PS.RU
cvoaqUjOxzM\t1600\tКак работать с алгоритмом E-A-T в 2021 году  | Yagla, Bquadro
-QtCR4orLnA\t2097\tData Driven SEO: аргументированная стратегия по SEO  | Yagla, SEOWORK
19Vb0CqURGw\t1298\tКак увеличить продажи в алгоритме YATI | Yagla, TRINET.GROUP
_EeYdeIP6Ng\t1986\tРейтинг SEO-лайфхаков 2021 | Yagla, impulse.guru
TCQ-23nLFDM\t1234\tЧто делать с лидами от продаж, которые не купили прямо сейчас | Yagla, UNISENDER
Nuq8fFcY1KU\t1912\tКак улучшить рекламную кампанию с помощью парсера | Yagla, PEPPER
WTNi8f0a6eA\t1079\tКак таргетироваться в YouTube и получать заявки от 15 руб. | Yagla, Ананьев и Миняев
EDFJf_Lg5ck\t1720\tКак выжать максимум из лидов: причины, по которым у вас НЕ будет продаж, и как это исправить | Yagla
beEma8z6L6w\t1947\tКак подготовить сайт к эффективной рекламе: основные правила, ошибки, упущения | Yagla, Malov
gmN3nHop0KU\t2125\tКак создавать экспертный контент для эффективной лидогенерации | Yagla, Text.ru
c7thVtEDHDQ\t2261\tКак подружить маркетинг и продажи и почему это полезно для лидогенерации | Yagla, Carrot quest
IXnvzbI2Wrk\t1398\tКак увеличить конверсию в обращения | Yagla, Calltouch
3ye5Yqrhmpw\t903\tКак закрыть KPI в нише пластиковых окон с помощью Яндекс.Директ | Yagla, Вебпрактик
7K2abWNSQe0\t1927\tЧто такое VK Mini Apps и как они помогут привлечь лиды вашему бизнесу | Yagla, Вконтакте
QIA2g6uSPp4\t1974\tКак привлечь лиды с помощью direct-маркетинга | Yagla, SendPulse
B-rDGb5cJEM\t1945\t3 самых больных вопроса про Яндекс.Директ в 2021 году и способы их избежать| Yagla
XOxHc31fdd4\t1169\tКак настроить автостратегии для автодилера в Яндекс.Директ | Yagla, Realweb
UxtlPbDw-oA\t2454\tКак эффективно проводить сквозную аналитику в Яндекс.Директ | Yagla, Dextra
lh1b7C5puW8\t1461\tКак вырасти с 1 до 3х бетонных заводов с помощью рекламы в Яндекс.Директ | Yagla, Amado
RLEUUUUj7Uo\t1717\tКак грамотно планировать рекламный бюджет в Яндекс.Директ | Yagla
hz5UDz697VA\t1532\tКак настроить минус-слова и минус-фразы в Яндекс.Директ | Yagla
0Gd0kF8-alI\t1697\tКак запустить рекламу через Мастер Кампаний в Яндекс.Директ | Yagla
tH0P1aQzwNg\t2733\tКак определить, куда уходит рекламный бюджет: разбор кейса по рынку недвижимости | Yagla, Callibri
7N9ZB4GxA14\t2987\tКак повысить эффективность с помощью автостратегий и микроконверсий в Яндекс.Директ |Yagla, R-брокер
e7vHQIqMV68\t2223\tКак увеличить количество целевых обращений | Yagla, Callibri
pZNOS0c5fgI\t1227\tКак выбрать нишу при создании сайта в 2021 году  | Yagla, Mottor
EbqkhOhNDbo\t225\t⚡️Разбираем как отключить любые площадки в РСЯ | Получаем кэшбэк до 10% в Яндекс.Директ
h0mT8YPdkjk\t3864\tЯндекс Директ. Сколько зарабатывают на контекстной рекламе?
Bq0FS6og6u0\t8445\tНеочевидные ошибки и нестандартные подходы в контекстной рекламе
MlgwNaYuUH4\t3834\tКАК ПРАВИЛЬНО НАСТРАИВАТЬ КОНТЕКСТНУЮ РЕКЛАМУ? Опыт экспертов Yagla
uNH-TSRirLk\t159\tЧем отличаются тарифы в Yagla? Как сделать мультилендинг бесплатно?
uMGR6SIwuRM\t177\tМУЛЬТИЛЕНДИНГИ НЕ РАБОТАЮТ / Повышай конверсию / Алимов
n7jDMR_ZzNo\t140\tЯндекс Директ от основателя Yagla - Приглашение на вебинар
w-U4LubNREI\t4340\tКак в 2019 году настраивать контекстную рекламу (1-я часть практического курса)
b2SWXeDfgeM\t3498\tТехники гиперсегментации. Кейсы. Как настроить самому
c5mnpvJTnYk\t2714\tПолный экскурс по кабинету YAGLA – Скринкаст
_g_3af5vsl0\t356\tЧто такое "гиперсегментация". Александр Алимов. Продукт YAGLA
_f6ZLGuLSKg\t3675\tКак продвигать видео в YouTube. Свежие фишки от Наиля Байкова
BiapDghWs64\t3205\tКот Superstar и еще 33 фишки SMM
K49Uzu_Xz8c\t2377\tКак развивать IT компанию. Кейс JivoSite
WudiaOB_KUM\t1922\tКак правильно настраивать контекстную рекламу
eIHdn1a1Bes\t1381\tУвеличение конверсии с помощью качественного исследования аудитории. Артур Кудрявцев
SQLnOCeOuJ0\t1274\tРеклама в Google — тренды 2016 года. Роман Тринев
-b7ILvQpxMc\t3561\tНовый аукцион Яндекс Директ. Алексей Довжиков
0quz80yUq0s\t1186\tКак увеличить эффективность контекстной рекламы для интернет-магазинов. Александр Алимов
bd9jq42f5Go\t1395\tКак повысить отдачу от контекстной рекламы в 3 раза. Александр Алимов
V6GRiRp1fto\t2774\tВсе о хостинге сайтов
vk4eZJl-DMc\t60\tЧто было на AdvDays 2015. Конференция "День интернет-рекламы"
IiwCbKYwyXM\t2363\tЭлектронное издательство.  Развитие цифровой полиграфии
-SZSAai8PIk\t159\tЧто такое мультилендинги. Как работает мультилендинг
RIHqil_7PpQ\t2642\tАналитика пользовательского опыта сайтов и мобильных приложений
zdZlw4MeJ2U\t244\tОшибки в работе с клиентами IT компаний
SpuZClS4woA\t300\tУвеличение конверсии в оконной компании
osQk_9i0xRY\t113\tКак лучше работать арбитражнику: в команде или одному
64oCdYbUFEI\t191\tКонкуренция в контекстной рекламе. Увеличение отдачи от контекстной рекламы
_k3_IKMUHxE\t1107\tПовышение конверсии. Горячие вопросы о сервисе Yagla
sqa7PqFg-5I\t3075\tИнтернет-реклама, маркетинг, CPA-сети
DEKEGRqyxZE\t2779\tКак автоматизировать и увеличить эффективность контекстной рекламы
1qSp2MLjtAM\t90\tСекреты интернет-бизнеса
ZqhyBiVQynw\t1595\tКак проекту вести веб-аналитику
pe3gwqhMbx0\t1082\tОптимизация бизнес-процессов компании
oZq6bMRzCj8\t568\tLPgenerator: Как работать с Китаем
aDYDch-bTgQ\t2772\tLPgenerator о развитии бизнеса
rryS9eQmwMY\t290\tРазвитие проекта. Кто вредит бизнесу
i9ZMXnUGRNQ\t1037\tАвтоматизация и аналитика контекстной рекламы. Максим Уваров
ktl5uNT3G6Y\t2905\tКак запустить проект. Технология создания стартапов
NX_IVJ2xTpg\t3276\tВасилий Неверов. Чем занимается блогер
5y1bgiOklRA\t1722\tCall tracking, отслеживание звонков с сайта
Bn0riUEJdio\t2284\tИнвестиции и стартапы
EK7cIXo7H7s\t174\tМаксим Уваров про клоакинг и динамический контент от YAGLA
96Tn4wRkc6o\t226\tМультилендинги это не Клоакинг. Мнение: Алексей Довжиков
zf8wSeWdRRY\t1613\tПовышение конверсии сайта и динамический контент
JOrnyM9SyJg\t2566\tФишки контекстной рекламы. Автоматизация контекстной рекламы в сервисе eLama
KWHLKtOqTO0\t2601\tПривлечение и работа с крупными клиентами
cbDQYBDlAr0\t2278\tНачало бизнеса. Как развиваться стартапу
iVl_VbhwuCk\t1502\tИнформационная безопасность. Защита сайтов
8yWAGUJptSI\t166\tКак настроить прибыльную контекстную рекламу
