WKhNgjofKew	9054	Как привлекать и возвращать клиентов, когда трафик дорожает
DeE6z3UyoV4	4302	Новинки Яндекс Директа 2026
9vRws4Vb4T4	8184	Маркетинг в Максе: работа с каналами, ботами, посевами
PJK7V-OmOUk	9236	Как выделяться, находить клиентов и расти x2 в 2026
z9j9PjV_PMQ	6892	ИИ-агенты и нейросети в маркетинге 2026
m5OLkZn9DpA	7251	Как агентствам и бизнесу получать больше клиентов
pYXY75Bh2HI	3324	Новинки Авито Рекламы 2026
VCfJw0HqFj0	9594	Яндекс Директ не дает продаж: где ломается воронка?
rZICwWkzGNk	11869	Маркетинг клиник 2026
tBmCEejTmHM	6160	Аналитика рекламы 2026
NkBYdhly-Go	7233	Медицина и здоровье в VK Рекламе 2026
dQG8ofOpOAc	7747	Связки, которые увеличивают заявки и продажи в 2026 году
aB8omP1rY8I	8168	Новые требования к рекламе и работе с клиентами
-dMt6AhJ8eA	8499	Как рекламировать автобизнес в 2026 году
031t4eMvPtk	4891	Превращаем рекламные бюджеты коллег в миллионы пассивного дохода 
D5L2zfPmss0	8916	Платный трафик в турбулентности 2026 года
ygPlQ37jtWA	6567	Привлекать, удерживать, возвращать клиентов без лишних трат на рекламу
zd2W3KQzKHs	3237	Тренды потребления и как их использовать
7xCF6blkPT4	7590	Как перестать сливать бюджет на рекламу в 2026 году?
ovR3Xp4wmM4	925	Какие креативы оставить в прошлом, чтобы не сливать бюджет
Faa-qqo6CPc	7269	VK Реклама 2026: стратегии, настройки в новом кабинете, креативы с ИИ
rVUk5kY-Gic	5662	Как продвигать спецтехнику на Авито в 2026 году
GtBZs4I1VlY	5788	Как привлекать клиентов из карт: бесплатные и платные способы
VJ2sQNIWn4A	11660	Платный трафик в медицине. Битва кейсов
5w7ROfd3oqs	5494	Как снизить стоимость лида в VK Рекламе 2026
O5TMzNqM7ts	3009	Как связать рекламу, CRM и продажи
Nb4Xelw1AN4	4690	Сохраняем эффективность и бюджеты, соблюдая законы
xIpFaev427k	4314	Какие каналы трафика приносят деньги, а не клики?
thmCYeyc1Zc	1524	Как брендам найти общий язык с ЦА
UANYpJBxGjg	8643	Как руководителю отдела трафика построить сильную команду?
SFh8IeQc42k	11181	5 каналов для окупаемого трафика в автобизнесе
kpjJF4s6ocI	6945	Как не терять деньги в длинной воронке от клика до сделки
JlZpMu_HOB8	6464	Как рекламному агентству расти без бюджета на свое продвижение
2mFMNQrt98U	7872	Сложные ниши в перегретом Директе 2026
lmPExkGwMUc	6594	Окупаемый трафик 2026: 3 способа, как не терять деньги после клика
KzlRTHbxlUk	8185	Маркетинг для B2B-производителей: трафик, стратегия, продажи. Часть 2
ZHl6bM3nr1U	12907	Маркетинг для B2B-производителей: трафик, стратегия, продажи
_nZEFIaC-3E	5767	Telegram Ads: привлекаем клиентов, снижаем стоимость лида
5xYaeDIidjU	6055	Как получить от Авито максимум продаж и заявок в 2026 году
8fiLpwBfvKo	8366	VK Реклама 2026: инструменты и стратегии для разных ниш
ElZriPa_Ra0	5396	Что делать с трафиком после клика: ретаргетинг, прогрев и возврат внимания
RTJ-ichIEDQ	8476	Как рекламировать онлайн-школы. Битва кейсов
lhCmtQwHpe0	5264	Как снизить стоимость лида, не увеличивая бюджет
oKmyco1cTfs	6414	Все о цифровой наружной рекламе: от охвата до продаж
pW9-Rse-eXs	4063	Больше клиентов при дорогом трафике и высокой конкуренции
wMYdp4eHrvE	4756	Как автоматизировать маркетинг и продажи с помощью CRM и AI
rfQlbDek548	9984	Тренды маркетинга 2026: ИИ, сегментация, цифровая усталость и дефицит внимания
cKWCavR5nl4	6628	Окупаемая реклама в 2026: стратегии для крупного, среднего и малого бизнеса
KG9uVaLeteY	1964	Как digital-агентству выйти на 30 млн+ в 2026 году
tkC6wOs4Gy8	2369	Чем заняться digital-агентству, пока все едят оливье?
RLvKEmw7W4Y	1636	Декабрь глазами digital-руководителя: как не утонуть в хаосе и сохранить способность думать
jzyJXxG4WhE	2182	Стратегия выживания агентства: как пройти праздники с прибылью и планом роста
ETW3X7AoduY	1832	Клиентский путь и его использование для планирования медиа-активностей
4eHOTJer388	1770	Как сократить путь от идеи до результата в 3 раза?
EFYd2os0w_U	2063	Системный маркетинг вместо быстрых результатов
vDgfPruSPIU	4674	Инструменты маркетинга для селлеров
O3ZVomhmE48	5917	Новый год в digital: пережить хаос, не выгореть, сохранить энергию
r-yOrVGFTsg	2200	Можно ли планировать маркетинг в 2026 году?
eJYIveKCPnc	5898	Эффективная реклама для IT-бизнеса 2026
4VzgBPUTnWg	8277	3 канала для роста заявок в Яндексе
IJRJccZEr34	8643	Как digital-агентству выйти на 30 млн+ в 2026 году
eYaufg6sdiU	8753	Эффективная VK Реклама 2026
CuPFIG81V-Q	5556	TG Ads по-крупному: 15 кейсов с бюджетом €300k
aBiRIqmqXcw	7313	Геомаркетинг в 2025-26 как стабильный источник лидов
xZ6t-IfaSP8	6540	Как рекламировать туристический бизнес
VxGVgP-i9dk	5529	Медийная реклама на Авито: от запуска кампаний до роста конверсий
TYUjllOeEJo	10155	Как планировать маркетинг на 2026 год в условиях тотальной неопределенности
dNyUJjrE-ww	5653	Как снизить стоимость лида в 2026: 3 проверенных инструмента
RC3e2Q0xfvg	1733	Вне контекста: SMS как новый канал для продвижения бизнеса
a7kpxcY6Tto	2422	Клиенты через соцсети агентства и Telegram-канал фаундера
S6PHF7KNRO4	3725	Обучение от А до Я: запуск эффективной медийной кампании за 1 день
EM554kBUVEc	1859	Работа с клиентами по контексту и SEO: от брифинга до запуска проекта
JX0lOa5DaQI	2565	С нуля до миллиона: как зарабатывать на Авито в 2025 году
zm2lYY22jUM	1929	Telegram Ads для агентств: как продвигать свой бренд и искать клиентов
DhMzEoAUdeE	6209	Как рекламировать финансы, БФЛ, страхование, крипту. Битва кейсов
YU0qEwqQxyw	2041	Как увеличить средний чек агентства X2 без поиска новых клиентов
64OarXGR7lI	12524	Маркетинг в сложных и дорогих нишах: B2B, IT, стройка, авто и другие
zv0S5kqj5bM	8553	Маркетинг в кризис: что делать, когда бюджеты режут, а продажи падают
VttzS9PTt0g	5482	Омниканальный маркетинг: как достучаться до клиента и не потратить весь бюджет
r9mg1VUBZuI	8965	Окупаемый трафик в строительном бизнесе. Битва кейсов
5W_2AvSVI7c	5718	ИИ и автоматизация в маркетинге: что работает, а что вредит продажам
TpQobHSKh9c	7195	Маркетинг к сезону: как сделать месячную выручку за 1 день
htvR0uJclpA	8418	Автоматизация маркетинга: готовые идеи, инструменты и кейсы
jsBUj75fHaA	5352	Как внедрить ИИ в рекламу, сайты и продажи — 3 первых шага
rZbOhsrbPCM	7236	Окупаемый трафик в медицинском бизнесе. Битва кейсов
3wjdKWWhwKA	7164	Как повысить конверсию сайта: UX, контент, оптимизация
-_wkJemdI6k	5364	Где брать лиды автосервису и автосалону в 2025: окупаемые каналы и кейсы
Rc5h7g9I_M0	1687	Как поймать крупную рыбу и не уйти на дно
izZkBPaBQws	1766	Выиграй тендер с 1-ого раза — полная инструкция по подготовке, подаче и защите
XxVEsa26eXY	1466	Как соблазнить большую компанию
Rnto-JIx6xQ	1467	5 бесплатных PR-инструментов для начинающих агентств
9U9nth66is8	1652	От тусовки к прибыли: как рекламному агентству проводить ивенты, которые приносят крупных лидов
FpVmbTRitww	1862	Экспертный контент для digital-агентства: 7 мощных инструментов, кейсы и частые ошибки
Gqb8EdVlt5A	1614	LTV - 3 главные буквы для больших денег на фрилансе
I7H9ANNBXHk	7150	Маркетинг сложных продуктов: как продать то, что не покупают с первого клика
_Vi5uQ0ykPg	4132	Медийная реклама на Ozon для бизнеса любого масштаба
pwymamlDXTg	1744	Как сделать «сарафан» управляемым?
a-Os2oR17Qg	8141	Маркетинг и трафик с умом: как тратить меньше, а получать больше
kkY4iUDVDIU	8807	Все о трафике в Telegram 2025: что работает и как масштабироваться
ZTIqztHb0NQ	7186	Три инструмента для роста продаж на маркетплейсах
n3DFlyOiTxc	10146	Все о настройках Яндекс Рекламы в 2025 году
bj5IEbwr3r8	1788	20 очевидных и неочевидных способов найти клиентов фрилансеру
7f_qKhk-GPs	10242	Окупаемый трафик для автобизнеса. Битва кейсов
R-37vWm-e0M	9339	Альтернативные рекламные каналы: где искать дешевый трафик в 2025 году
_Grc0ImmAME	5457	Масштабирование рекламного агентства
H8AAoAKTZ0A	2060	Как агентствам привлекать клиентов через выступления
RM3xnA1FtMg	8671	Как рекламному агентству быстро расти в 2025 году
09cDpMWt2pY	8448	Как привлекать новых клиентов через Яндекс ПромоСтраницы: превращаем показы в продажи
cI1XuS5Jq_k	1804	Почему холодные продажи не работают и как это исправить?
iFBTApox0jE	7904	Эффективная геоперфоманс-реклама
x3UmBi6j9rE	1749	SEO-продвижение для digital-агентств
oLgcpVtviio	2471	Как агентству работать с клиентами, чтобы расти кратно
nYgGw_RDNC4	2041	Личный бренд для руководителя агентства
dr4shc23jSU	2126	Как digital-агентству продавать через личные связи
EhF_DIMGi8g	1761	Яндекс Директ на квизы. Заявки по 450 рублей
MLZnIIpMeuU	1938	Посевы как основной и дополнительный источник трафика
n3zLehLVJKM	1247	Возможности рекламы ВК: точная настройка для узкой аудитории
igbxQYLnSHI	2394	Как стабильно получать результат с помощью таргета в Telegram?
YZz4ZouzdYk	2121	Как и зачем анализировать конкурентов в Яндекс Директ
QRjE1b7LTsA	2250	Контекстная реклама в строительной нише: особенности работы и лайфхаки
rvaeSLIo-5M	1691	Контекстная реклама для B2B: кейсы
vMydg54nxhQ	1804	Нужны ли digital-агентству регламенты для сотрудников? Как их составить и внедрить?
6pGQP-8Ks1E	1858	Как агентству регулярно расти в доходах?
crHi9ZZA9Sg	2160	Все способы продвижения личного бренда. С чего начать?
WNH6dfx4Pwg	1283	Как победить синдром самозванца и начать прокачивать личный бренд?
RvCvtGM7VWE	1984	Зачем бизнесу присутствовать в соцсетях?
32kw2oB5S3k	1744	Как увеличить вовлеченность аудитории в социальных сетях?
RXP9_F7RJTI	2472	Частые ошибки бизнеса при продвижении в социальных сетях
FasP03q_6uU	1828	Что делать, если страшно повышать ценник на свои услуги?
S8hRAwONACY	2200	Как победить прокрастинацию?
HHWGI1KkWFA	1269	Стоит ли работать с клиентами, с которыми некомфортно?
TWyk3aRehMA	1666	Тайм-менеджмент: как научиться управлять своим рабочим временем?
FqYD-RJ1Ix0	2135	Как маркетологу пробить свой потолок дохода?
6f_Z-W9RfyA	1065	Как делать результат в РСЯ в 2024 году?
cf7I3AUUYv4	1625	Что изменилось в Яндекс Директ с начала 2024 года?
ma0dovnmqo0	2118	Главные сложности в работе директолога. Как их преодолеть?
3TnVrod9DAI	1428	10 лайфхаков по работе с Яндекс Директ
Ky2O5D_iciQ	2140	Эффективность рекламы в Яндекс Директ на небольших бюджетах. Что нужно знать?
ZMJubooJHTA	2084	Как завоевать доверие посетителя лендинга?
7vCDb-y3DxA	1728	Что такое прототип лендинга и каким он должен быть?
w-oRENC9aqg	2345	Что влияет на конверсию лендинга и как ее повысить?
aFAeCAJ8T-8	1684	Сколько стоит хороший лендинг и как выбрать крутого подрядчика?
OXc01ViSHRQ	1838	Как делаются лендинги с высокой конверсией?
Cei8hrv3Y_Y	1677	Сколько зарабатывает трафик-менеджер в нише инфобизнеса?
4fcXsf85xN8	3003	Посевы для инфобизнеса: каких результатов можно достичь?
gPW5mfcs8pU	2436	Как выбрать проморайтера или научиться писать крутые промопосты самому?
NOm0XsXO_Ic	2213	Как получить дешевые регистрации в нише инфобизнеса ВКонтакте?
ct1rqfwj4IM	1876	Кому подходит и кому точно не подойдет работа на фрилансе?
YYXo7uUkiEo	1406	Путь эксперта по маркетингу: личный опыт
CX6s6FG-gso	2446	Работа на фрилансе или в агентстве: плюсы и минусы
7iYXIP4uZW4	1707	Что выбрать начинающему специалисту: фриланс или работу в команде?
snJ1ELgJHWM	1863	Как на фрилансе выйти на доход от 300 000 рублей в месяц
kj_nGB_jotI	1278	Алгоритм масштабирования в таргетированной рекламе
sePoPnrRph0	2135	Стратегии и способы масштабирования рекламных кампаний
qumr0SclUNc	1633	Работа с холодной аудиторией: секреты и фишки
xqdmeBrjnT4	2257	Как откручивать от миллиона рублей на проект в таргете?
1SFpbBJ5D-Y	2494	Лидогенерация на мероприятия
wsI-ZQDvKs4	1428	Как получать заявки на кухни на заказ из Яндекс Директ?
D1bB38Auzt4	1811	Как сделать результативный трафик: два кейса - один результат
-X9Kk2iw4d4	2058	Комплексный маркетинг: кейсы. Ошибка большинства специалистов
IJMI6SjFgIY	1143	Продающие тексты для Яндекс Директ: как их создавать
oMecBb1xQts	1889	Трафик на инфобизнес из Яндекс Директ в 2024 году
Yu59CENRKd0	1918	Аналитика контекстной рекламы: что нужно знать?
71M5QK65m_A	2100	Продающие лендинги: реальные кейсы
lbTVad-4Kwc	1959	Как сделать лендинг под все услуги компании?
ns3cq4jaHxg	2371	Тексты для лендинга: какими они должны быть
dso5bT_rZ2I	1039	Пошаговый алгоритм создания лендинга
LO1CEY5akW0	1229	На что обращать внимание при аудите лендинга клиента?
g4lC-xkYpU4	2290	Таргет и посевы в Telegram: плюсы и минусы каждого подхода
8WYvpQ1yQqI	2470	Для каких ниш подходит Telegram, а для каких - нет
R7PT0RfMGw0	2046	Особенности работы в Telegram и его отличия от других площадок
wpV0IITFb8A	1744	Эффективное продвижение в Telegram: кейсы
lW5V8IwQdU8	1914	Специфичные для Telegram KPI: подписчики, просмотры, переходы
2OblHx_i0Mg	1747	Контекстная реклама для строительного бизнеса
-BIv1gOBVUM	1868	Контекстная реклама с бюджетами от 1 миллиона рублей в месяц
UeRcvlp_pyk	1888	Настройка контекстной рекламы для малого бизнеса в 2024 году
C_0UQjbQAV0	1343	С какими нишами не стоит заходить в «контекст»?
q7NOPP39xB0	1977	Как делать посевы на миллионы и не теряться в данных?
glqzdrF5NV0	2159	Посевы: улучшение конверсии подписки в бота в 5 раз
WxAgdbVQAFI	2033	Эффективный посев для инфобизнеса: тонкости и лайфхаки
ZtPitYZo7z4	1655	Маржинальность агентского бизнеса: много ли можно заработать?
ueUn-Drl198	2016	Как перейти из фриланса в агентство?
KXaQ5woJgBQ	2733	Современные товарные лендинги: что важно учесть при разработке
Ereqn0A5APk	1724	Как заставить пользователей прокрутить лендинг до конца?
JtvKLi5K7QY	1391	Преодоление баннерной слепоты как способ увеличить конверсию лендинга
qrE9ntHkAOQ	1785	Как делать качественные прототипы для лендингов?
vTl1NDAo3uE	2092	Как использовать технологии лендингов в интернет-магазинах
OzuVlUCkL8k	1400	Снижение стоимости заявки за счет релевантности оффера и рекламных объявлений
qeNmS95ziS0	1847	Масштабирование рекламных кампаний в Яндекс Директ
t0lrSUvJHiU	1894	Контекстная реклама для малого бизнеса: советы и лайфхаки
pwFjyAOYwNg	973	Эффективное продвижение брендов с помощью контекстной рекламы
bSJyMavS4aM	2287	РСЯ от А до Я: как работать с рекламными сетями
WfDSw8nQ0Ug	2354	Сегменты аудиторий в Яндекс Директ: советы по использованию инструмента
3V10AjEnQ94	2010	Как снизить стоимость лида при помощи маркет-платформы ВКонтакте
V38vXIGlluc	2632	Таргет ВК: кейсы из инфобизнеса
bP2mLtFDMLI	1413	Эффективная реклама во ВКонтакте на примере 2 кейсов
9_b-4fGlc2Y	2134	Telegram-боты: средство развития продукта и увеличения прибыли
JGuBLaMWleo	2053	Все о правилах маркировки в Telegram
GflPuM3Zddk	1380	Закрытый клуб в Telegram с доходом от 100к в месяц
FZXqhrUVHTY	1528	Как заработать на сторис в Telegram
hHR-zZnZMqY	1727	Какие KPI справедливы для Telegram-канала?
pzIx5x4p9Mw	2056	Реклама в Telegram Ads: основные инструменты, инсайты
YNN_qs00GSA	1008	Алгоритм запуска рекламы в Telegram-каналах
jhoqYjrisE8	2184	Как открыть агентство: пошаговый алгоритм действий
PjrJ0yR-HWA	1518	Постоянный приток сотрудников в агентство за счет системы стажировок
B3DAqchkWng	2091	Открытие агентства: сколько придется работать на старте?
CJXL2NRsuXg	1854	Из фриланса в агентство: первые шаги и топ-3 ошибки
3iwJHfWuhWE	1979	Фриланс VS открытие маркетингового агентства. Плюсы и минусы
oJ_mRuuBvhY	2758	Как digital-специалисту продавать свои услуги через личный блог?
IdyeQCmcTBs	2464	Как увеличить продажи в 2 раза не увеличивая рекламный бюджет
MRrplIeMLiQ	2241	Как понять на первом созвоне стоит ли работать с клиентом?
cB9p3-WVpkk	2145	Основные ошибки в продажах. Как их избежать?
44nW4TGhv34	1894	Примеры автоворонок для продажи услуг
01bU4XAXJBM	1931	Продажа услуг digital-специалиста
pVNM5Nue8oM	721	Сколько проектов может вести таргетолог?
dWECxXNGODg	1707	Что нужно сделать для подготовки к запуску трафика?
KlXScP6fzUk	2887	Продажа услуг по настройке таргета: что нужно знать
MCctW6fCkgQ	1749	Как таргетологу делать меньше, а успевать больше
Vs1wE1QXfSU	1819	Какие варианты масштабирования для таргетолога существуют?
TjBhS-75NP8	1902	Как выбрать дизайн для лендинга и не пожалеть?
-UWBlPpXroU	2544	Сильные и слабые офферы для лендингов
ulKgsBBfjc4	2209	Как измерить эффективность лендинга: количественные и качественные метрики
nHyTC5f1It0	1445	Что делать, если лендинг не приносит заявок?
2RFgNGX2rvo	2595	Как анализировать и оптимизировать рекламные кампании в РСЯ?
cngY5yoh7F4	2348	Советы по созданию эффективных рекламных объявлений в Яндекс Директ
rPiAMqmqSjg	2172	Топ-10 ошибок из-за которых можно слить бюджет в Яндекс Директ
uqECb6txp7c	1907	Аналитика посадочной страницы перед запуском рекламного трафика
agX2SaBknMk	1840	Почему агентства теряют клиентов и как этого избежать?
9sbwQzdNY0A	1962	Агентство: с первых шагов до большой команды
9a78LSsp690	2392	Пути развития digital-агентств: как привлекать клиентов и на что делать ставку?
aP6ouFKgcac	1865	Как настроить эффективную рекламу в товарной галерее?
L-HWfBo33xo	1941	Медиапланирование в контекстной рекламе
AgmnNH3t3VY	1817	Обзор нововведений Яндекс Директ в 2023 году
_qXDuXcZX2E	981	Единая перфоманс кампания: что это такое и как настроить?
_U7ZePr1EME	2453	Воронка продаж для интернет-магазина из инструментов контекстной рекламы
EQzv6oviocI	3960	Таргетированная реклама для инфобизнеса
n42vDiM7tEc	2836	Настройка таргетированной рекламы в товарной нише
oK-LdYcIZhg	2967	Особенности таргетированной рекламы в бьюти-нише
PDcywZdRS3Q	1695	Трафик в новогодние праздники: стоит ли отключать рекламу?
UlD5sbMECo4	1595	Офферы и креативы для новогодней рекламы
dZsNiQy3GBg	1390	Что происходит с аукционом в таргете ВК в новогодние праздники
EwWN6FVUbQM	1309	Особенности ведения контекстной рекламы в новогодние праздники
C7QuimqAJUg	1401	Основные принципы создания конверсионного лендинга
QvZOrQbky5E	2742	Как сделать текст на лендинге убедительным?
rzT0HNejtzM	2075	Конверсионный лендинг для B2B
FeG-Fg2glEQ	2044	Как не нужно делать лендинги? Разбор ошибок
VCIAzK8Sh7Q	970	Посевы во ВКонтакте: кейсы
skiW5kw4hOk	1843	Особенности работы с посевами в Telegram
sAbK_R83X5w	2290	Особенности посевов в ВК: маркет-платформа и прямые размещения
yLFkfuHPbmw	1708	Работа с товарами и услугами в контекстной рекламе: какие есть различия
V-m_2VCesdU	2105	Контекстная реклама в сфере недвижимости: кейсы
xbef6eE-YkU	1496	Как специалисту по контекстной рекламе определиться с какими нишами работать?
XnF3qyB3oKw	2729	Семантическое ядро для SEO и контекста: для проектов больше 500 страниц
_Us_wccIj8g	2111	Контекстная реклама для малого бизнеса: советы и рекомендации
1VisDMGYG6w	2523	Как владельцу агентства грамотно планировать задачи и расставлять приоритеты?
UYHafliMqMk	1754	Как проводить собеседования?
b9A_TNANTJ8	2019	Способы привлечения клиентов для маркетингового агентства
14CbffzWcgc	1879	Как оценить эффективность маркетинга по финансовым показателям
3i6QDmDsrhQ	1508	Практические советы по улучшению юзабилити лендингов
03xG9Dgo1JM	1907	Повышение конверсии и интуитивно-понятного интерфейса лендинга
kjLBW3u3sls	2959	Секреты конверсионных текстов для лендинга
emWNN6XGgu8	1075	Использование нейросетей при разработке лендинга
kBCfqzpKTaE	2872	Как находить эффективные связки в таргетированной рекламе?
MfVT21Ax_tM	1499	Ошибки в работе с бюджетом и оптимизацией
eRFlhtSsMvo	1652	Нецелевой трафик: проблемы и решения
u5zIlKlDy4o	3015	Привлечение и удержание клиентов
W3_ip4IPEcA	1738	Организация работы специалиста: лайфхаки за 6 лет работы таргетологом
9LTUFsPJGU8	2789	Что такое синдром самозванца и как с ним бороться?
eFgaqtGAVq8	1824	Что делать при профессиональном выгорании?
toyg1Gp_MG0	1290	Как перестать работать за низкую оплату?
vkqYvZ2fLC4	1145	Топ- 5 способов поиска заказчика для директолога
C23BjoGoRnk	2685	Продвижение Telegram-канала через Яндекс Директ: фишки и лайфхаки
HSNMPxCebbQ	2043	Масштабирование рекламных кампаний в Яндекс Директ: советы и рекомендации
DXVp54_DtNo	1454	Почему регламенты в агентстве не помогут на старте?
BaxBroWqA-c	2016	Текучка кадров в маркетинговом агентстве: как рассчитать и предотвратить?
35kKIintQOc	1908	Сложные клиенты. Стоит ли с ними работать?
67lNvaUNCt8	888	Как маркетинговые агентства переживают кризис?
GFqti4kNGs4	1546	Как создать успешное маркетинговое агентство?
m-zzuZ_HD6w	2441	Ошибки из-за которых маркетинговые агентства мало зарабатывают. Как их избежать?
qfZn-ba22bU	2429	Как анализировать рекламу? На какие показатели обращать внимание?
apGpzUzPlns	965	Медиапланирование в таргетированной рекламе. Советы и рекомендации
0zBDjmztorA	2171	Таргет в ВК. Нужна ли тестовая рекламная кампания?
JV6PKeeANHs	2520	Запуск Мастера Кампаний с оплатой за клики
tR4ZKgz_uk0	1336	Как эффективно использовать ретаргетинг в Яндекс Директ?
bs7ZHaWkJvU	1792	Как таргетологу расти в доходах?
lfIl6J_CT00	1526	Как повысить CTR объявлений в Яндекс Директ?
ExSNe0UYlpE	1459	Анализ рекламы в Яндекс Директ
jOauW4eTxTQ	2948	Работать 4 часа в день и хорошо зарабатывать. Правда или миф?
rttHcL2tH_8	2093	Какие бывают трудности в коммуникации с заказчиками? Как их решать?
92N0wgtBsBM	1667	Какой потолок дохода у топовых специалистов по таргету?
Uufyonoyrbw	1395	Финансовый учет в агентстве
0F2gJ7yKdi0	2046	Сколько руководителю агентства придется работать на старте?
lipDcyXMH4E	1732	Как разработать УТП, чтобы конкуренты агентства оказались не у дел?
fn_ld2-6j8g	1505	В чем преимущество посевов над таргетом?
RBVa0xhvSBg	1189	Посевы в товарной нише. Кейсы
vLBwUTnWy6A	1376	Почему бизнесу важно иметь сайт уже сегодня
RtnFWJGHZr0	2107	Рекомендации, повышающие конверсию сайта
OWJo5t7AYqA	1544	Как создавать сайты с высокой конверсией на мобильных устройствах?
7aE_pyqqIrc	2173	Особенности работы таргетолога в нише инфобизнеса
AzLnzuUP-kw	2058	Особенности работы таргетолога с производителями в различных нишах
RhnXvDqXJBA	3268	Маркировка рекламы в vitamin.tools
GE_3_Ni86NQ	1447	Как работать с нишей недвижимости?
QjB2SM8Dxhw	2144	Трафик для остеопатов, кинезиологов и мануальных терапевтов
KXDrrLKjTPQ	1713	Привлечение клиентов для салонов красоты из таргета ВК
9OSj26ksyyM	1673	Продвижение общепита в ВК
rdGLBGttm0o	2138	Все о фидах в Яндекс Директ
MBR60CdUKno	1723	Успешный запуск любого проекта на основе конкурентного анализа
l7im_Bmtgso	1161	Как получать больше заявок и продаж из Яндекс Директ?
WdToQ4oZ8rY	1472	Агентский бизнес как пассивный доход. Правда или миф?
dyuDyH-JTc0	1917	Путь развития маркетолога. Какие есть варианты?
HTf2Os_HPM8	2483	Почему руководители годами не могут выйти из операционки?
ZjkDu_baOdw	2405	Какие проблемы и трудности ждут начинающего руководителя агентства?
C_brwImnxw0	1937	Создание маркетингового агентства с нуля. С чего начать?
KKnY_iS27Ok	1791	Причины выгорания маркетолога
H6GbQtGs43w	1827	Планирование и декомпозиция целей
rqySt02Fizc	1956	Как продавать услуги с чеком от 50 000 рублей?
049r7OFWAQc	2311	Как повысить конверсию сайтов услуг?
5cRy4Y1C2Rw	1255	Что влияет на конверсию сайта на самом деле?
EzVdL94nN78	1977	Конверсия интернет-магазина. Как ее улучшить?
YaMyjabYriY	1873	Как сделать сайт, с которого не убежит клиент?
waOTUAztPWc	2714	Семантическое ядро, которое приносит лидов
zRLyxpZN8H4	1100	Нюансы настройки Яндекс Директ на маркетплейсы
ZgF9PC63xBo	1358	Автотаргетинг в Яндекс Директ. Как с ним работать?
UW1DW-kh97w	3140	Что мешает таргетологам делать 100к на фрилансе и в команде?
GYx7OC1s-LQ	579	Как понять, что пора повышать стоимость своих услуг?
hSAOYcPGJoM	1235	Что мешает таргетологу зарабатывать хорошо?
XHDKuNjDhn0	1577	Делегирование. Когда пора нанимать помощников?
KrK-YQwqycc	983	Реклама в B2B. Кейсы
QeFu26wa4Yg	1725	Особенности настройки рекламных кампаний в B2B
gqn3fPBt8qI	1526	Почему с контекстной рекламой для B2B не все так просто?
GV3bVecjcIQ	1519	Как нейросети помогают делать конверсионные лендинги?
7Cn0WKXcdho	1145	Незакрытый гештальт как средство повышения конверсии лендинга
T7CLszszgG4	1014	Критические ошибки в юзабилити лендинга. Как их улучшить?
VL5AnmLRVEI	2461	Как создать сильный текст для лендинга?
LTXThAbHdqo	1376	Преимущества и недостатки VK рекламы
XMVDFqmgmho	880	Топ ошибок при запуске рекламы в новом рекламном кабинете ВК
MZ7oKqoiSvM	1834	Переезд в новый рекламный кабинет ВК. Что важно знать и учитывать?
0nOEjMm4yxc	2265	Обзор нового рекламного кабинета ВКонтакте
MxLfpg2ydWQ	1347	В каких нишах можно быстро вырасти до высокого дохода
lP-kI3hN1Jo	774	Какие трудности могут возникнуть при нишевании и как с ними работать?
-TstTcB5vVc	2401	Как искать клиентов внутри одной ниши?
K7XffZwQry0	1860	Как выбрать нишу и не ошибиться?
YD1v4fG9OGk	1883	Плюсы и минусы нишевания?
Il705sguIr8	1315	Зачем специалисту нишеваться?
rri-TfSz_2g	2238	Продажи в чатах и мессенджерах: основы и отличие от телефонных продаж
zVvfI2vlecw	1668	Система продаж без возражений
fIcap_zmnG0	2114	Ключевые ошибки, которые снижают конверсии в продажи. Как их избежать?
GuEas3cjVRQ	1734	Продажи в социальных сетях. Какие есть особенности?
QUBfUBLWDik	1663	Выявление потребностей ЦА. Как это делать правильно?
HsYO0Z5UhMg	1517	Как защитить бюджет от скликивания? Советы и рекомендации
k8pE54-oPiA	1543	Окупаемый трафик для инфобизнеса из Яндекс Директ
4htEtJbxG00	888	Пакетные стратегии в Яндекс Директе. Инструкции по использованию
qVcTJIebTGY	1268	Центр конверсий в Яндекс Директе. Как с ним правильно работать?
2xdGdhdJiwA	1623	Как работать со статусом «мало показов»?
9sNvc5H_fh8	2810	Как должен выглядеть продающий лендинг?
fiR-aZAs4Fg	2132	Как повысить конверсию лендинга? Фишки и лайфхаки
9FXuddr90v8	2378	Частые ошибки, из-за которых лендинг не приносит прибыль
-gszFrytW0s	2115	Разработка лендинга под трафик. Особенности
UkNnhZiNFlw	3270	Какие дополнительные услуги может оказывать таргетолог?
W8AmQUk7_jc	3066	Нужны ли таргетологу кейсы или можно обойтись без них?
mrKrbbj6AIM	2007	Какие гарантии может дать таргетолог?
3BiHAjG2zC4	2975	Тексты и креативы для таргета. Советы от специалиста
3ls3kRRChnA	1753	Ключевые компетенции таргетолога и как их наработать?
lx1jeUhJnkE	1335	Cколько проектов может вести таргетолог?
YHEyV3rajEg	1029	Нужен ли таргетологу бриф и можно ли обойтись без него?
1yIN1sZaDMk	1544	Как таргетологу продавать свои услуги дорого?
9tPGGOFTmbE	1710	Как составить коммерческое предложение на таргетированную рекламу?
0wbfJyPUiNY	1857	Посевы ВКонтакте: в каких нишах дают лучший результат
TpVf9FiVzSg	2083	Как таргетологу общаться с заказчиками
kuqsjL1XHIw	1436	Новый рекламный кабинет ВКонтакте. Плюсы и минусы
jalZsiuUrW8	1610	Зачем настраивать таргет на своих подписчиков?
-wcaQcU27i4	1703	Аналитика результатов рекламных кампаний во ВКонтакте
T06m-H28Icc	3047	Как нарастить и оцифровать продажи в мессенджерах
pC7Mpsmm8ME	2261	Как бизнесу зарабатывать с помощью WhatsApp-маркетинга
lKn6cMfZzEY	2492	Трафик в мессенджерах. Как заводить клиентов в базу рассылки
2KrugEEV9Ks	1482	Есть ли потолок в росте у специалиста по контекстной рекламе?
4mwEiC5lQdk	2152	Где заканчивается зона ответственности PPC-специалиста?
z2Y0BEwaD4w	1491	Особенности работы с услугами в контекстной рекламе
0gnemZJVSaU	2239	Как специалистам по контекстной рекламе больше зарабатывать
mIYw3EdkIV8	2973	Как запускать рекламу ВКонтакте, чтобы сразу работало
X0bjsQS9YBo	4122	Топ-5 стратегий, которые запустят любой проект ВКонтакте
1khX7NQearg	1237	Как агентствам и фрилансерам зарабатывать в 2 раза больше
QEs8F2ZulwE	1115	Как построить отношения с клиентом чтобы LTV устремился в космос?
-2jAr7XNYek	1507	Регламенты и инструкции в агентском бизнесе
_MhBIXom3bk	1966	Cтруктура агентства. Кто за что отвечает?
SRBpAgacxc8	2268	Как руководителю агентства выйти из операционки?
AzS24Bc9gAg	1734	Стоит ли открывать маркетинговое агентство?
CXUM1_UUo2I	2453	Как сделать анализ кампаний удобным
0FQCgJCvjUU	2704	Точки роста в контекстной рекламе через показатели KPI
J4PwDUmJnQM	1675	Основные ошибки в рекламных кампаниях
O6TNsVbsdKY	1287	Ретаргетинг в Яндекс Директ: советы и рекомендации
nXIIjc5rNgA	2099	Как повысить эффективность контекстной рекламы. Советы и рекомендации
MFy0P0OIRkI	1745	Масштабирование рекламных кампаний
MOjSdwtKHsE	1972	Строим воронки продаж инструментами Яндекс Директ
LkOw_k0CBrQ	2022	Стратегии управления ставками в Яндекс Директ
QpTOnBJE4J8	2219	С чего начинать: Мастер Кампаний или РСЯ?
SFAUabX3Yw0	1866	Нишевание на одной связке в Яндекс Директ
AepU0X-NxDY	860	Как рекламировать Тelegram-канал с помощью Яндекс Директ
qKmW4Vfb5qw	2083	Аналитика рекламы в Яндекс Директ. Советы и рекомендации
jJC-2HONCwI	1657	Конкуренция в агентском бизнесе
oPxwhX67URI	2640	Как агентству продавать дорого?
Glw98O-rSQs	1755	Сколько денег нужно, чтобы открыть оффлайн и онлайн агентство?
HACaTrY7D2g	1714	От фриланса к созданию агентства. Какие трудности могут возникнуть?
dMCzdW8AqfE	3247	Как с помощью заголовков и офферов пробить баннерную слепоту
AayE0XO6pck	1476	Продающие креативы для РСЯ. Инструкции по созданию
-LYwtymBvNM	1762	Яндекс Директ. Обзор последних новинок и изменений
APd9cQKbpyk	1466	Как продвигать онлайн-магазины в контекстной рекламе
NzHYdzsGN4E	2043	Разработка стратегии продвижения бизнеса во ВКонтакте
_t70JSUoAgo	2160	Ошибки в работе таргетолога. Как их избежать?
9LUC7H1WJio	2016	Как искать точки роста в таргетированной рекламе
t4jST4l_0m4	1634	Аналитика рекламных кампаний во ВКонтакте
0PHtMPKJQgI	2200	Как повысить чек за свои услуги
iZviwAlEb6M	1377	Работа за кейс или по бартеру
6cvxVzFl0QM	1951	Как искать первых клиентов?
7sFZyYy8ufY	2174	Быть фрилансером, работать в агентстве или стать помощником?
NrvvIepEQr8	1457	Как начать работать с контекстной рекламой? Как искать клиентов?
ic4ZBsOdvsU	1475	Ручные или авто- стратегии? Что использовать на новогодние праздники?
k2SgteeRZiM	1541	Готовимся к Новому Году. Реклама в Яндекс Директ
WZVou781GnM	1944	Особенности ведения рекламных кампаний перед новогодними праздниками
9omf0ND0YTo	2976	Как эффективно запустить рекламу при перегретом аукционе в праздники
tiGEXx1DHaA	1622	Стоит ли отключать рекламу во время новогодних выходных?
ZNMkvNWNwVk	1795	Новогодний маркетинг во ВКонтакте
YH-LFrdr-fs	1259	Как эффективно запускать рекламу ВКонтакте в новогодние праздники
ZcSD4digXUw	2176	Готовимся к Новому Году: акции и распродажи
ZJ0Lt_SzQbA	2294	Основные ошибки в расчете бизнес-экономики. Как их избежать?
FtX544cb1BE	1169	Трудности при построении маркетингового агентства
raPKXXk9V5c	2254	Как агентству занять свою долю рынка?
-LEigBqzffE	1892	Сложности мотивирования сотрудников
2zdHxrj93_4	1410	Преимущества маркет-платформы ВКонтакте
-MfMH5JBQoU	1199	Алгоритмы тестирования на маркет-платформе
sXAuWsVubeE	2310	Таргет+посевы в одном проекте
1M0-SEj2F_U	2908	Как откручивать большие бюджеты в таргете и оставаться в рамках KPI
uqxbG0GJSF0	2089	Работа с маркет-платформой на объемах. Кейсы
uPYpZbE7yvg	2712	Как сделать так, чтобы сотрудник не ушел и не забрал клиентов
arq0SDFCxrA	1767	Стоит ли работать с крупными клиентами. Где и как их искать?
IfYm_6jFe0A	1638	Зачем нанимать специалистов на аутсорсе и как с ними работать?
MTf1V9N1Nr4	1895	Советы по формированию базы знаний для сотрудников компании
xdANMAJjWVA	2470	Как запустить воронку найма сотрудников за 1 час
scUp3kmRv_U	3167	Методология работы со сплит-тестами
mv8UlzibFLI	1651	Как вести больше проектов? Лайфхаки по организации работы таргетолога
FT_hApDc31Y	1479	Способы масштабирования аудитории
79z8WSvGEFQ	1942	Трафик ВКонтакте для продуктов с высоким чеком: кейсы
g-t6tFdpDhI	1268	Как работать с холодным трафиком во ВКонтакте на объемах?
1dLyw-Ci5_c	2322	Всем ли нужна сквозная аналитика?
U3ouUibQVOI	1510	Антикейсы в контекстной рекламе: как делать не надо и почему
oQdYojeGBkI	1949	Ошибки при продвижении В2B через контекстную рекламу
nj1doEp6E8c	1639	Что делать, если реклама не конвертит: как исправить ситуацию?
nI4MvLvzYz0	1527	Распространенные ошибки в работе специалиста по контекстной рекламе
XlVAgfSWEs4	2826	Основные сложности при построении агентского бизнеса
Ns8OKp5n15g	3281	Выживание агентств в кризисное время. Как оптимизировать маржинальность
CbT2-uravRE	2906	Нишевание: как создать маркетинговое агентство на одной теме
_Tl8m24tfkE	2081	Стратегическое планирование в digital-агентстве
WLZZgfTLo4U	3476	Как запустить таргет ВКонтакте и не слить бюджет
TIyW8fq4-qY	2145	Как работать с рекламными ставками, какие цели и форматы рекламы работают хорошо
NtPMqoFZiE8	2213	Работа с маркет-платформой ВКонтакте
ZCa_P2jPBLc	2023	Продвижение личных страниц во ВКонтакте для бизнеса
B49TW3Gvuno	2042	Методы тестирования креативов ВКонтакте
te1FGQupfEY	2637	Семантическое ядро для крупных проектов или SEO для Директа
LgNlvGVmCyg	1748	Конверсионное объявление в контекстной рекламе: советы и инструкции
6ojGblZfShk	1903	Поднимаем конверсию сайта: сервисы и инструменты
If75qFUSBgA	2743	Кейсы: как работать с большими бюджетами до 500 000 рублей в день
y5F1FJcizgw	2515	Кейс Автостратегии - снижение цены лида
Iip99yIC_xw	1103	Антикризисный SMM: как и где продвигаться в новых реалиях | Yagla, Kokoc Group
PN2t4MjmdhU	1073	Как вести себя брендам, когда рушатся ценности потребителя | Yagla
DnrR0N7oVEs	2005	Как таргетироваться в ВК с большими бюджетами | Yagla
k3U2LOOzt0s	1564	Как строить коммуникации в стрессовой ситуации | Yagla, Callibri
hikAdHNQ6oM	649	Как писать посты в рекламу, которые заходят и приносят дешевые регистрации | Yagla
mrY6Q0Gu4A0	1108	Как продвинуть мобильное приложение с помощью myTarget: кейс Юнистрим | Yagla, Soroka Marketing
Gz45D1RnLlo	1564	Робкая роботизация. Как голосовые роботы уже заменяют целые отделы | Yagla, Flow Agency
4iALF8zIqrM	1142	Telegram для привлечения клиентов: как бизнесу получить максимум | Yagla, Rookee
ip5r-2dt-eQ	1179	Откуда брать идеи для промо-постов, если кажется, что ты уже всё перепробовал | Yagla, Hometraffic
c_fBvLjKLao	1601	Как нанимать таргетолога в команду или в штат (уровни ответственности, воронка найма, стажировка)
rUZPeMnk4JI	1351	Как привлекать лиды из таргета и контекста на неочевидных гипотезах | Yagla, ВЕЛАС
z697UXFSK9I	1786	Как прототипировать и продвигать молодые сайты в 2022 году | Yagla, Artem Oparin
tymbKNQ4ybU	1612	Как продвигать Телеграм-канал | Yagla, BendeR
kUchZ4CbgPM	1343	Как масштабировать онлайн-проекты через рассылки в сети Одноклассники | Yagla, Втаргете
85hWEUiAWIU	1573	Четыре стратегии привлечения клиентов с помощью ведения группы | Yagla, Варежка
VpLDjJmPW_Q	2532	Создание креативов для рекламных объявлений с использованием триггерной системы и анкетных данных
9DZWjz59Qnk	1063	Как использовать телефонную базу для эффективной лидогенерации | Yagla, Zvonobot
9XC4PSnHzlQ	1449	Автоматизируй или умри: где маркетолог теряет бюджет, лиды и время  | Yagla, Webjack.ru
mt_KFTEpXxg	1987	Как автоматизировать рутину в отделе продаж: 10 правил настройки CRM | Yagla, Mailigen.ru
LlJ8YPLbgfE	1521	Видеомаркетинг: частые вопросы и советы по запуску | Yagla, Iluminous Video Production
GHtfTXq9vEI	1432	Бизнес геймификация Вконтакте. Монетизация своих товаров и услуг через личные страницы | Yagla
hjLlorbzBZA	1960	Управление репутацией в интернете: как защитить и что делать в кризисных ситуациях | Yagla, Интериум
Lkx31_cGHiE	1881	Как вырастить прибыль с помощью контекстной рекламы и развить бренд в онлайне | Yagla, Finepromo
KDBczvcOPDA	2022	Digital-маркетинг в недвижимости: «Хорошо делай — хорошо будет» | Yagla, Atlant.Digital
O6DNQF7t-X8	1612	Кейс продвижения клиники пластической хирургии с ROI больше 12% | Yagla, APIS
DGHUH-tTYVo	1497	Коллтрекинг и сквозная аналитика для бизнеса: что делать и как считать | Yagla, OptimPro
aSnVUQq_QGY	2643	Курс выживания руководителя: 5 управленческих аксиом и как их применять на практике | Yagla
BBonISDsjZ4	1809	Как работают воронки продаж, причём здесь путь клиента и зачем нужна сквозная аналитика | Yagla
Xfo5dZLlWMg	1403	3 инструмента для воронки продаж ИЛИ как поднять конверсию за один вечер без перезаписи вебинара
jMHwwGXYHqc	1785	11 стратегий масштабирования бизнеса в x2 и более раз | Yagla
N0bwyUHn-FE	1956	Реселлинг рекламных кабинетов: как выбрать партнёра | Yagla
Wq4-E2pWqNA	1388	Как разогнать локомотив продаж в производственной компании | Yagla, Hiclick
IgjJw1zocfY	1893	Продать, не продавая. Как выстроить контент стратегию для бизнеса | Yagla, Like Marketing
8UWKHYBeb0M	1866	Лидерство или с каким агентством хотят работать клиенты | Yagla, Website96.ru
1ELCyKvURnk	1310	Автоматизация воронки продаж: позвольте вашим менеджерам наслаждаться продажами | Yagla, Mailigen.ru
Imh6hNdUeZ0	1700	Как создать эффективную систему маркетинга и продаж | Yagla, Dialweb.ru
Sf03rbEgqZQ	1649	CRM маркетинг в 2022 году: как работать в период локдауна | Yagla, Advertsolutions.ru
yFPh9yldodY	965	Почему важно выстраивать коммьюнити вокруг бренда и как это сделать | Yagla
fwR3Hmzxblo	1543	Из продукта в сильный диджитал-бренд. Кто принимает решение о покупке в диджитал | Yagla
6IvjsGRVFp0	2310	Как эффективно использовать автостратегии в контекстной рекламе | Yagla, eLama
hblmFpS-Axk	1492	Как продвигаться в нетрендовых соцсетях | Yagla, Контора
ZEko1tnB4q4	1377	Как создать эффективный контент-план для YouTube-канала | Yagla, 4Limes
848rZJC0gTI	1721	Уроки Антипова: советы и лайфхаки начинающим копирайтерам | Yagla, Креатив Антипова
viSwgMi6jDQ	1860	Мифы и легенды: как компания может продвигаться с помощью статей и сколько это стоит | Yagla, PRNEWS
NWC88_wDTLQ	1771	Как устроен рынок копирайтинга и сколько платят клиенты | Yagla, Редактор для бизнеса
HeG7V1FT-qY	1521	Как сотрудничать с копирайтером и не поседеть. 5 вредных советов | Yagla
5pKM_fbNVSI	1668	Как иллюстрировать текст и как не надо его иллюстрировать | Yagla, Сделаем
sru379eV12c	1981	Как работать с экспертами при написании статьи | Yagla, Палиндром
j0m9XTI6mYM	1753	Основные ошибки при продажах онлайн | Yagla, RD Production
_Hk85kLby0A	1698	Опросы и тесты для лидогенерации. Как и зачем их делать на чат-ботах | Yagla
p2JdeoYzIPk	1438	Как привлечь 40 000+ лидов в месяц для сети медицинских центров | Yagla, ARDA
jQduOFJQaGg	1552	Основы партнерского маркетинга: кому он нужен и важен | Yagla, Kokoc Group
GSPCsslawc8	1623	Путь от маленького городского паблика до сообщества с охватом в 500 000 человек в месяц | Yagla
YQAmky9xaT4	1708	Как правильно рассчитывать рекламный бюджет в 2022 году | Yagla, Malov Marketing
6jh_yLaCzUQ	1106	SEO для информационных запросов. Лидогенерация через инфозапросы | Yagla, KINETICA
OlJxTpBDxWk	1060	Как не «сливать» бюджеты. Performance-маркетинг как система | Yagla
YApoEaQeTVs	2218	Системный influence-маркетинг: от стратегий к инструментам и автоматизации | Yagla
UdBaCyCS7cw	1518	Диджитал-инструменты и механики для account-based marketing (ABM) | Yagla
C_uZDuSyW54	1492	Полезные лайфхаки при настройке рекламы Вконтакте | Yagla
Jv5Yihwil6E	2126	Эффективный лендинг и реклама для продажи инфопродуктов микрочеком на холодную аудиторию | Yagla
AfoXYz0va2M	1994	Точные действия для кратного роста прибыли в эпоху нестабильности | Yagla, КИТ-Медиа Холдинг
FUp_kx1ktRQ	1933	Лидогенерация про запас — ценность и важность контента в контексте лидогенерации | Yagla, SMMZAVOD
qIc-xdKFIaY	1502	Масштабирование рекламы в онлайн-школах: MVP-решения для увеличения ROMI | Yagla
MEMX3eY13nI	1406	Конвертирующие элементы: что это и как они помогают повысить конверсию сайта | Yagla, Bquadro
Ej_EYzBBiuA	1545	В каких случаях необходим Landing Page при реализации performance strategy | Yagla, Ingate
-dPSQURzL58	1107	Как привлекать лиды через квиз-лендинги: кейс по рынку недвижимости | Yagla, Lion Target
4AeWq_c40oc	1509	Секреты запуска крутой воронки продаж | Yagla, Advantshop
iMtpraHlyTI	2129	Пошаговый план от Product Market Fit до масштабирования | Yagla, Carrot quest
yLrQy71-GNs	1529	Как работать с информационным трафиком в студенческой тематике  | Yagla, Автор24
VUpjZP432n0	4565	SEO в highload SPA проектах: когда документов, ключей и трафика миллионы | Yagla, RUTUBE
kG59gUTU_1A	2899	Как составить семантику под статью для блога и проанализировать статьи конкурентов | Yagla
pOwGyztSnxI	3150	Продвижение медицинских сайтов: как подготовить сайт клиники по E-A-T | Yagla, SEOQUICK
v08EgwXHESo	2239	Контент-маркетинг для получения внешних ссылок | Yagla, MAVR
gJRbFTBe5Ao	2012	Трафик, заявки и продажи из маркетингового семантического ядра | Yagla, Семантист.ру
qr-o_zpXkyc	2108	Как удешевить подписчика и повысить конверсию в подписку с помощью Сенлера и Автопилота | Yagla
Xg63by91moU	1186	Таргетированная реклама вТикТок: возможности, кейсы для вашего бизнеса | Yagla, TAMADA-DIGITAL
xfoUFPzKmpg	1512	Почему важно провести и проанализировать тестовую рекламную кампанию | Yagla
ixirhzcsh7I	2117	Откуда брать идеи для контента снова и снова | Yagla, Target Hunter
dMbdoLok6fM	3213	Успешные креативы. Как сделать рекламу эффективнее | Yagla, Plan B Digital
L_NgCxyCJ2U	2016	Как подготовить эффективный продающий текст для лендинга | Yagla, Школа копимаркетинга
vfXWz9awvaA	1667	Виды посадочных для лидогенерации и анализ результатов  | Yagla, Контора
_LnjFpav3C4	1949	Автоматизация маркетинга. Тестирование новых гипотез самостоятельно, без разработчиков |Yagla,Albato
Ixvo8mizn8c	1881	Как построить схему сквозной аналитики и почему важно сделать это до внедрения. Обзор инструментов
5eD7UxcDZiw	1058	Основные причины расхождений в отчетах маркетолога и как их избежать | Yagla, OWOX BI
hlVVzB7YQTI	1893	Почему попытка создать свою аналитику на месяцы откладывает принятие важных управленческих решений
MzSwtkaP_Do	1811	Как повысить эффективность вложений в рекламу с помощью сквозной аналитики. Кейсы | Yagla, Alytics
WNWNpFEJFCo	1192	Почему CDP — это новая сквозная аналитика | Yagla, Prime Gate
yY9uDPsrYwM	3330	Что нужно проверить и настроить в Яндекс.Метрике и Google Analytics перед запуском рекламы | Yagla
kd4myrUml9c	1996	Как самостоятельно построить аналитику при помощи Яндекс.Метрики без программирования | Yagla
XMZ8OPoYnKc	805	Сквозная аналитика: почему важно отслеживать все касания клиента с вашим бизнесом | Yagla, Completo
lJp3qj-YWgM	2082	Сквозная аналитика, как IT-инфраструктура для бизнеса. Отличие сквозной от веб-аналитики | Yagla
d3ZgkWldIjU	1642	Что делать, когда реклама перестает приводить новые лиды | Yagla, Mindbox
nsb_uN76kO8	1347	Как эффективно обрабатывать лиды | Yagla, Flowlu
E8c8Yi00CsE	2160	Тренды и особенности рекламы во Вконтакте в 2021 году | Yagla, Anikin-ADS
UWo-Z78kpx0	1768	Как делать видео для TikTok: креативы и контент | Yagla, Project Infinity
tPeL5AubY1A	1527	Использование контекстного таргетинга ВК на примере работы с автодилерскими центрами | Yagla
PoiIGnLwUG8	1433	Рекламный бюджет. Сколько денег необходимо на тестовую рекламную кампанию | Yagla
tJukqhfw0Vc	739	Как совместить SMM и E-mail-маркетинг для эффективных рекламных кампаний | Yagla, Unisender
sMlpN_U8Pic	1451	Как привлекать клиентов через локальный SMM-маркетинг без использования акций: кейс ДодоПицца |Yagla
aOZ5qtMIJeE	1383	Реклама на YouTube: 8 способов, которые помогут экономить 50% рекламного бюджета в Google Ads |Yagla
hsUVTNcKROc	1705	Эффективное привлечение лидов из TikTok: миф или реальность | Yagla, Click.ru
Cw2Vl_Bj0iI	1758	Как прорабатывать сложные коммерческие запросы | Yagla, Ant-team.ru
jy4RmrJkgEw	2763	Линкбилдинг в 2021: обзор актуальных стратегий для белого бизнеса  | Yagla, SEOQUICK
7EQD7JVp8N4	1932	Как увеличить видимость карточки Google My Business до 7 раз | Yagla, SEO-студия146%
G9LuSI18oTg	2293	Как настроить сквозную аналитику "на коленке": причины запуска, ошибки, магия EXCEL | Yagla, Diagrun
2kF0WoPjOcU	1555	Как быстро подготовить отчёт для анализа рекламного трафика в Google Data Studio | Yagla
dz1jXb5Sg3w	1468	Как работать с API Google Analytics 4 на языке R, воркшоп для новичков | Yagla, Netpeak
koVv02o-S4o	1611	Как речевая аналитика может улучшить ваш маркетинг | Yagla, Mango Office
HV5CIiF4PWI	1570	Как проводить коммерческий анализ запросов при продвижении интернет-магазина | Yagla, Webline
zzXqej1gTpw	2286	Как увеличить трафик и продажи с помощью семантического ядра | Yagla, Semantist
1Uu-KHgiiH0	1564	Как продвигать бизнес с помощью отзывов и рейтингов | Yagla, Seoremica
whf1b7Rg3F0	802	Почему стоит начать генерировать лиды через Google Display Network | Yagla, Google Partner
MhEy4HttAs0	1648	Как быстро и эффективно настроить ремаркетинг в Google Ads | Yagla
8AK13ZzDeq0	852	5 неочевидных фишек рекламы в Google Ads | Yagla, Shopping Expert
diNY0l4PlcY	1715	Как выбрать стратегию в поисковом продвижении | Yagla, Ашманов и партнеры
WJAW1dQWu40	1559	Как создать правильную структуру сайта для целевого трафика | Yagla, WPNEW
DmzfYbAEugM	1812	Стратегии внешнего продвижения в англоязычном Google | Yagla, Shakin.ru
l5stOxtDB_4	1877	Лидген для SEO-специалиста | Yagla, DryLeads
RcxxWiq2N4k	1750	Как подружить SEOшника и копирайтера: поиск баланса между SEO и здравым смыслом | Yagla, Атвинта
Ko8qVBEKgv4	1862	Учет и контроль: как построить автоматизированную мультиканальную воронку продаж | Yagla, FUSION
-gNfGnea9b0	47	О чем канал Yagla
Fj8XDNMZi0Y	1393	Как быстро создать сайт и подготовить его к запуску рекламы | Yagla, Nethouse
9Df4GdVu0Sc	2427	Как увеличить конверсию в 3 раза без увеличения рекламного бюджета с помощью квиза | Yagla, Marquiz
bMsyFYFgMt8	2043	Как построить системный бизнес на лидогенерации | Yagla, Panshin group
V9GZNBaUY-s	1739	Как генерировать лиды с помощью системы CPA: кейсы | Yagla, СPA Exchange
4WLUFKS-QOA	2368	Анализ конкурентов для минимизации расходов на рекламу и шаблоны запуска рекламы | Yagla
xEFvplDlstU	2324	Как построить онлайн-продажи в мессенджерах | Yagla, amoCRM
yx1W5w28CK8	2194	Что отпугивает покупателей интернет-магазина и как это исправить | Yagla, Altopromo
DWcMUmbZ9Ds	1053	Старт рекламы в Яндекс.Директ для интернет-магазинов | Yagla, Яндекс
ibf6Vs60CZ0	1812	Что такое PBN: кому они нужны и НЕ нужны | Yagla, PBN.LINK
qDaWZZ-WSD0	1301	Как оценивать работу подрядчика по SEO | Yagla, SEO.RU
w7kdXLlvUh8	1958	Какие работы  по SEO принесут результат в 2021 году | Yagla, SEO intellect
duOnC3ItkKw	1379	Оптимизация рекламного бюджета: как получать больше продаж, а не лидов | Yagla, Roistat
De8yXWEkJyM	1088	Как сэкономить на разработке с помощью SEO-специалиста, | Yagla, MST
-ugj5VytObk	1455	Как найти точки роста в SEO на основании прогнозирования спроса и трендов с помощью BI  | Yagla
TMfTSKxdu3Q	1495	Как продвинуть монобрендовый магазин часов с помощью SEO | Yagla, Webit
Tv3Xy6jjDYc	1605	Как SEO трансформируется в поисковый маркетинг | Yagla, 1PS.RU
cvoaqUjOxzM	1600	Как работать с алгоритмом E-A-T в 2021 году  | Yagla, Bquadro
-QtCR4orLnA	2097	Data Driven SEO: аргументированная стратегия по SEO  | Yagla, SEOWORK
19Vb0CqURGw	1298	Как увеличить продажи в алгоритме YATI | Yagla, TRINET.GROUP
_EeYdeIP6Ng	1986	Рейтинг SEO-лайфхаков 2021 | Yagla, impulse.guru
TCQ-23nLFDM	1234	Что делать с лидами от продаж, которые не купили прямо сейчас | Yagla, UNISENDER
Nuq8fFcY1KU	1912	Как улучшить рекламную кампанию с помощью парсера | Yagla, PEPPER
WTNi8f0a6eA	1079	Как таргетироваться в YouTube и получать заявки от 15 руб. | Yagla, Ананьев и Миняев
EDFJf_Lg5ck	1720	Как выжать максимум из лидов: причины, по которым у вас НЕ будет продаж, и как это исправить | Yagla
beEma8z6L6w	1947	Как подготовить сайт к эффективной рекламе: основные правила, ошибки, упущения | Yagla, Malov
gmN3nHop0KU	2125	Как создавать экспертный контент для эффективной лидогенерации | Yagla, Text.ru
c7thVtEDHDQ	2261	Как подружить маркетинг и продажи и почему это полезно для лидогенерации | Yagla, Carrot quest
IXnvzbI2Wrk	1398	Как увеличить конверсию в обращения | Yagla, Calltouch
3ye5Yqrhmpw	903	Как закрыть KPI в нише пластиковых окон с помощью Яндекс.Директ | Yagla, Вебпрактик
7K2abWNSQe0	1927	Что такое VK Mini Apps и как они помогут привлечь лиды вашему бизнесу | Yagla, Вконтакте
QIA2g6uSPp4	1974	Как привлечь лиды с помощью direct-маркетинга | Yagla, SendPulse
B-rDGb5cJEM	1945	3 самых больных вопроса про Яндекс.Директ в 2021 году и способы их избежать| Yagla
XOxHc31fdd4	1169	Как настроить автостратегии для автодилера в Яндекс.Директ | Yagla, Realweb
UxtlPbDw-oA	2454	Как эффективно проводить сквозную аналитику в Яндекс.Директ | Yagla, Dextra
lh1b7C5puW8	1461	Как вырасти с 1 до 3х бетонных заводов с помощью рекламы в Яндекс.Директ | Yagla, Amado
RLEUUUUj7Uo	1717	Как грамотно планировать рекламный бюджет в Яндекс.Директ | Yagla
hz5UDz697VA	1532	Как настроить минус-слова и минус-фразы в Яндекс.Директ | Yagla
0Gd0kF8-alI	1697	Как запустить рекламу через Мастер Кампаний в Яндекс.Директ | Yagla
tH0P1aQzwNg	2733	Как определить, куда уходит рекламный бюджет: разбор кейса по рынку недвижимости | Yagla, Callibri
7N9ZB4GxA14	2987	Как повысить эффективность с помощью автостратегий и микроконверсий в Яндекс.Директ |Yagla, R-брокер
e7vHQIqMV68	2223	Как увеличить количество целевых обращений | Yagla, Callibri
pZNOS0c5fgI	1227	Как выбрать нишу при создании сайта в 2021 году  | Yagla, Mottor
EbqkhOhNDbo	225	⚡️Разбираем как отключить любые площадки в РСЯ | Получаем кэшбэк до 10% в Яндекс.Директ
h0mT8YPdkjk	3864	Яндекс Директ. Сколько зарабатывают на контекстной рекламе?
Bq0FS6og6u0	8445	Неочевидные ошибки и нестандартные подходы в контекстной рекламе
MlgwNaYuUH4	3834	КАК ПРАВИЛЬНО НАСТРАИВАТЬ КОНТЕКСТНУЮ РЕКЛАМУ? Опыт экспертов Yagla
uNH-TSRirLk	159	Чем отличаются тарифы в Yagla? Как сделать мультилендинг бесплатно?
uMGR6SIwuRM	177	МУЛЬТИЛЕНДИНГИ НЕ РАБОТАЮТ / Повышай конверсию / Алимов
n7jDMR_ZzNo	140	Яндекс Директ от основателя Yagla - Приглашение на вебинар
w-U4LubNREI	4340	Как в 2019 году настраивать контекстную рекламу (1-я часть практического курса)
b2SWXeDfgeM	3498	Техники гиперсегментации. Кейсы. Как настроить самому
c5mnpvJTnYk	2714	Полный экскурс по кабинету YAGLA – Скринкаст
_g_3af5vsl0	356	Что такое "гиперсегментация". Александр Алимов. Продукт YAGLA
_f6ZLGuLSKg	3675	Как продвигать видео в YouTube. Свежие фишки от Наиля Байкова
BiapDghWs64	3205	Кот Superstar и еще 33 фишки SMM
K49Uzu_Xz8c	2377	Как развивать IT компанию. Кейс JivoSite
WudiaOB_KUM	1922	Как правильно настраивать контекстную рекламу
eIHdn1a1Bes	1381	Увеличение конверсии с помощью качественного исследования аудитории. Артур Кудрявцев
SQLnOCeOuJ0	1274	Реклама в Google — тренды 2016 года. Роман Тринев
-b7ILvQpxMc	3561	Новый аукцион Яндекс Директ. Алексей Довжиков
0quz80yUq0s	1186	Как увеличить эффективность контекстной рекламы для интернет-магазинов. Александр Алимов
bd9jq42f5Go	1395	Как повысить отдачу от контекстной рекламы в 3 раза. Александр Алимов
V6GRiRp1fto	2774	Все о хостинге сайтов
vk4eZJl-DMc	60	Что было на AdvDays 2015. Конференция "День интернет-рекламы"
IiwCbKYwyXM	2363	Электронное издательство.  Развитие цифровой полиграфии
-SZSAai8PIk	159	Что такое мультилендинги. Как работает мультилендинг
RIHqil_7PpQ	2642	Аналитика пользовательского опыта сайтов и мобильных приложений
zdZlw4MeJ2U	244	Ошибки в работе с клиентами IT компаний
SpuZClS4woA	300	Увеличение конверсии в оконной компании
osQk_9i0xRY	113	Как лучше работать арбитражнику: в команде или одному
64oCdYbUFEI	191	Конкуренция в контекстной рекламе. Увеличение отдачи от контекстной рекламы
_k3_IKMUHxE	1107	Повышение конверсии. Горячие вопросы о сервисе Yagla
sqa7PqFg-5I	3075	Интернет-реклама, маркетинг, CPA-сети
DEKEGRqyxZE	2779	Как автоматизировать и увеличить эффективность контекстной рекламы
1qSp2MLjtAM	90	Секреты интернет-бизнеса
ZqhyBiVQynw	1595	Как проекту вести веб-аналитику
pe3gwqhMbx0	1082	Оптимизация бизнес-процессов компании
oZq6bMRzCj8	568	LPgenerator: Как работать с Китаем
aDYDch-bTgQ	2772	LPgenerator о развитии бизнеса
rryS9eQmwMY	290	Развитие проекта. Кто вредит бизнесу
i9ZMXnUGRNQ	1037	Автоматизация и аналитика контекстной рекламы. Максим Уваров
ktl5uNT3G6Y	2905	Как запустить проект. Технология создания стартапов
NX_IVJ2xTpg	3276	Василий Неверов. Чем занимается блогер
5y1bgiOklRA	1722	Call tracking, отслеживание звонков с сайта
Bn0riUEJdio	2284	Инвестиции и стартапы
EK7cIXo7H7s	174	Максим Уваров про клоакинг и динамический контент от YAGLA
96Tn4wRkc6o	226	Мультилендинги это не Клоакинг. Мнение: Алексей Довжиков
zf8wSeWdRRY	1613	Повышение конверсии сайта и динамический контент
JOrnyM9SyJg	2566	Фишки контекстной рекламы. Автоматизация контекстной рекламы в сервисе eLama
KWHLKtOqTO0	2601	Привлечение и работа с крупными клиентами
cbDQYBDlAr0	2278	Начало бизнеса. Как развиваться стартапу
iVl_VbhwuCk	1502	Информационная безопасность. Защита сайтов
8yWAGUJptSI	166	Как настроить прибыльную контекстную рекламу
