20241125	EhF_DIMGi8g	Контекст/Директ/РСЯ 2024 — механика/интерфейс изменились		Яндекс Директ на квизы. Заявки по 450 рублей
20241118	MLZnIIpMeuU	Посевы 2024 — кейсы/цифры устарели	[?]	Посевы как основной и дополнительный источник трафика
20241108	n3zLehLVJKM	ВК-таргет 2024 — настройки платформы изменились		Возможности рекламы ВК: точная настройка для узкой аудитории
20241026	igbxQYLnSHI	Telegram Ads/таргет 2024 — инструмент изменился		Как стабильно получать результат с помощью таргета в Telegram?
20241007	YZz4ZouzdYk	Контекст/Директ/РСЯ 2024 — механика/интерфейс изменились		Как и зачем анализировать конкурентов в Яндекс Директ
20241004	QRjE1b7LTsA	Контекст/Директ/РСЯ 2024 — механика/интерфейс изменились	[?]	Контекстная реклама в строительной нише: особенности работы и лайфхаки
20240828	6f_Z-W9RfyA	Контекст/Директ/РСЯ 2024 — механика/интерфейс изменились		Как делать результат в РСЯ в 2024 году?
20240827	cf7I3AUUYv4	Контекст/Директ/РСЯ 2024 — механика/интерфейс изменились		Что изменилось в Яндекс Директ с начала 2024 года?
20240823	ma0dovnmqo0	Контекст/Директ/РСЯ 2024 — механика/интерфейс изменились	[?]	Главные сложности в работе директолога. Как их преодолеть?
20240822	3TnVrod9DAI	Контекст/Директ/РСЯ 2024 — механика/интерфейс изменились		10 лайфхаков по работе с Яндекс Директ
20240819	Ky2O5D_iciQ	Контекст/Директ/РСЯ 2024 — механика/интерфейс изменились		Эффективность рекламы в Яндекс Директ на небольших бюджетах. Что нужно знать?
20240803	4fcXsf85xN8	Посевы 2024 — кейсы/цифры устарели		Посевы для инфобизнеса: каких результатов можно достичь?
20240729	NOm0XsXO_Ic	ВК-таргет 2024 — настройки платформы изменились		Как получить дешевые регистрации в нише инфобизнеса ВКонтакте?
20240705	kj_nGB_jotI	Таргет/медиабаинг 2024 — тактика устарела		Алгоритм масштабирования в таргетированной рекламе
20240704	sePoPnrRph0	Таргет/медиабаинг 2024 — тактика устарела	[?]	Стратегии и способы масштабирования рекламных кампаний
20240703	qumr0SclUNc	Таргет/медиабаинг 2024 — тактика устарела	[?]	Работа с холодной аудиторией: секреты и фишки
20240702	xqdmeBrjnT4	Таргет/медиабаинг 2024 — тактика устарела		Как откручивать от миллиона рублей на проект в таргете?
20240624	wsI-ZQDvKs4	Контекст/Директ/РСЯ 2024 — механика/интерфейс изменились		Как получать заявки на кухни на заказ из Яндекс Директ?
20240623	D1bB38Auzt4	Таргет/медиабаинг 2024 — тактика устарела		Как сделать результативный трафик: два кейса - один результат
20240618	IJMI6SjFgIY	Контекст/Директ/РСЯ 2024 — механика/интерфейс изменились	[?]	Продающие тексты для Яндекс Директ: как их создавать
20240611	oMecBb1xQts	Контекст/Директ/РСЯ 2024 — механика/интерфейс изменились		Трафик на инфобизнес из Яндекс Директ в 2024 году
20240527	g4lC-xkYpU4	Telegram Ads/таргет 2024 — инструмент изменился	[?]	Таргет и посевы в Telegram: плюсы и минусы каждого подхода
20240516	2OblHx_i0Mg	Контекст/Директ/РСЯ 2024 — механика/интерфейс изменились		Контекстная реклама для строительного бизнеса
20240514	-BIv1gOBVUM	Контекст/Директ/РСЯ 2024 — механика/интерфейс изменились		Контекстная реклама с бюджетами от 1 миллиона рублей в месяц
20240512	UeRcvlp_pyk	Контекст/Директ/РСЯ 2024 — механика/интерфейс изменились		Настройка контекстной рекламы для малого бизнеса в 2024 году
20240508	q7NOPP39xB0	Посевы 2024 — кейсы/цифры устарели		Как делать посевы на миллионы и не теряться в данных?
20240506	glqzdrF5NV0	Посевы 2024 — кейсы/цифры устарели		Посевы: улучшение конверсии подписки в бота в 5 раз
20240504	WxAgdbVQAFI	Посевы 2024 — кейсы/цифры устарели		Эффективный посев для инфобизнеса: тонкости и лайфхаки
20240416	qeNmS95ziS0	Контекст/Директ/РСЯ 2024 — механика/интерфейс изменились		Масштабирование рекламных кампаний в Яндекс Директ
20240414	t0lrSUvJHiU	Контекст/Директ/РСЯ 2024 — механика/интерфейс изменились		Контекстная реклама для малого бизнеса: советы и лайфхаки
20240412	pwFjyAOYwNg	Контекст/Директ/РСЯ 2024 — механика/интерфейс изменились		Эффективное продвижение брендов с помощью контекстной рекламы
20240411	bSJyMavS4aM	Контекст/Директ/РСЯ 2024 — механика/интерфейс изменились		РСЯ от А до Я: как работать с рекламными сетями
20240410	WfDSw8nQ0Ug	Контекст/Директ/РСЯ 2024 — механика/интерфейс изменились		Сегменты аудиторий в Яндекс Директ: советы по использованию инструмента
20240409	3V10AjEnQ94	ВК-таргет 2024 — настройки платформы изменились		Как снизить стоимость лида при помощи маркет-платформы ВКонтакте
20240408	V38vXIGlluc	ВК-таргет 2024 — настройки платформы изменились		Таргет ВК: кейсы из инфобизнеса
20240406	bP2mLtFDMLI	ВК-таргет 2024 — настройки платформы изменились		Эффективная реклама во ВКонтакте на примере 2 кейсов
20240330	pzIx5x4p9Mw	Telegram Ads/таргет 2024 — инструмент изменился	[?]	Реклама в Telegram Ads: основные инструменты, инсайты
20240327	YNN_qs00GSA	Telegram Ads/таргет 2024 — инструмент изменился	[?]	Алгоритм запуска рекламы в Telegram-каналах
20240205	2RFgNGX2rvo	Контекст/Директ/РСЯ 2024 — механика/интерфейс изменились		Как анализировать и оптимизировать рекламные кампании в РСЯ?
20240203	cngY5yoh7F4	Контекст/Директ/РСЯ 2024 — механика/интерфейс изменились		Советы по созданию эффективных рекламных объявлений в Яндекс Директ
20240201	rPiAMqmqSjg	Контекст/Директ/РСЯ 2024 — механика/интерфейс изменились		Топ-10 ошибок из-за которых можно слить бюджет в Яндекс Директ
20240115	aP6ouFKgcac	Контекст/Директ/РСЯ 2024 — механика/интерфейс изменились		Как настроить эффективную рекламу в товарной галерее?
20240109	AgmnNH3t3VY	Контекст/Директ/РСЯ 2024 — механика/интерфейс изменились		Обзор нововведений Яндекс Директ в 2023 году
20240108	_qXDuXcZX2E	Контекст/Директ/РСЯ 2024 — механика/интерфейс изменились		Единая перфоманс кампания: что это такое и как настроить?
20240106	_U7ZePr1EME	Контекст/Директ/РСЯ 2024 — механика/интерфейс изменились	[?]	Воронка продаж для интернет-магазина из инструментов контекстной рекламы
20240103	n42vDiM7tEc	Таргет/медиабаинг 2024 — тактика устарела		Настройка таргетированной рекламы в товарной нише
